f1,f2,Label
0.16680473,0.55943704,0
0.13652529,0.6632563,0
0.10517946,0.39172682,0
0.17229012,0.5590848,0
0.34029508,0.3860369,0
0.42504996,0.4915112,0
0.10612835,0.40392146,0
0.29324985,0.35674778,0
0.5277525,0.46042913,0
0.54603195,0.333717,0
0.6931405,0.34552097,0
0.79982823,0.41554806,0
0.5344836,0.23178387,0
0.70118546,0.28964448,0
0.8899127,0.307427,0
0.8951985,0.1871368,0
0.80262333,0.10902513,0
0.85135305,0.07002185,0
0.9991948,0.14761503,0
0.8531454,0.13534507,0
0.97187936,-0.08454023,0
1.1094555,0.03221537,0
0.8333768,-0.06739222,0
0.84453386,-0.24086966,0
1.0971113,-0.17287104,0
0.91167694,-0.22473058,0
0.9614083,-0.25089282,0
0.8386442,-0.27326512,0
0.9471297,-0.32226852,0
1.032575,-0.30831274,0
1.0199804,-0.4093738,0
1.0055017,-0.3247813,0
0.7617721,-0.48686197,0
0.8334187,-0.50209355,0
0.77582675,-0.30982617,0
0.7964529,-0.33868793,0
0.884972,-0.45456958,0
0.7616896,-0.51645225,0
0.67087436,-0.39771542,0
0.65534335,-0.52118164,0
0.68468297,-0.43376544,0
0.5364138,-0.37371135,0
0.5408042,-0.48933554,0
0.38653165,-0.49601325,0
0.3717157,-0.55806565,0
0.2759415,-0.48708504,0
0.3295675,-0.45521727,0
0.19271241,-0.29207328,0
-0.0065569673,-0.4110725,0
-0.04518755,-0.3658083,0
-0.03759683,-0.44093943,0
-0.047917843,-0.1695764,0
0.05615865,-0.31727457,0
-0.13213143,-0.02541492,0
-0.3026124,-0.16985494,0
-0.21631189,-0.19891028,0
-0.24823588,-0.14158696,0
-0.4239825,0.091061234,0
-0.38016543,0.10113384,0
-0.6542574,-0.1273673,0
-0.41137335,-0.022768814,0
-0.71421033,0.15720323,0
-0.6584311,0.018459825,0
-0.8775553,0.15176928,0
-0.724122,0.38938445,0
-0.74060744,0.009485438,0
-1.0830168,0.23789416,0
-0.8770553,0.21924588,0
-0.95951915,0.38940245,0
-0.8822873,0.32858875,0
-1.1042018,0.2260156,0
-0.7763235,0.24177364,0
-0.99685645,0.3501913,0
-1.0224293,0.18818392,0
-1.0889843,0.53648096,0
-0.8992295,0.40684402,0
-0.8383731,0.39359832,0
-1.121142,0.5595441,0
-1.033123,0.4952905,0
-0.8753596,0.45690736,0
-0.9015326,0.67082053,0
-1.009509,0.5217012,0
-0.8799319,0.5578468,0
-0.7767039,0.42327458,0
-0.9341693,0.36166227,0
-0.75548255,0.48394984,0
-0.66230416,0.41867,0
-0.7197122,0.6260047,0
-0.74809027,0.2150378,0
-0.57822496,0.37309393,0
-0.6336254,0.22504984,0
-0.2959953,0.53835344,0
-0.58215004,0.26537213,0
-0.39325774,0.3176597,0
-0.2281809,0.112159245,0
-0.35375988,0.1558031,0
-0.37141982,0.35081765,0
-0.29771072,0.09791273,0
-0.21012,0.22276919,0
-0.11734928,0.10693079,0
0.008721806,-0.06913484,0
0.07317716,-0.011160139,0
0.1943274,-0.3277276,0
0.23444061,-0.05690097,0
0.08763945,-0.11450018,0
0.4218337,-0.24380006,0
0.2976299,-0.218558,0
0.26256263,-0.25067103,0
0.521882,-0.202363,0
0.52132905,-0.29758388,0
0.5258028,-0.31993702,0
0.5869663,-0.4792619,0
0.77641016,-0.35908982,0
0.7269027,-0.4085974,0
0.75323,-0.38831437,0
0.8307706,-0.34456965,0
0.713654,-0.37743968,0
0.88443327,-0.63753587,0
0.8800945,-0.42130128,0
1.0109073,-0.5343622,0
0.9620245,-0.57063866,0
1.1580358,-0.40664688,0
1.0413073,-0.61194515,0
1.0104535,-0.42521834,0
0.93515337,-0.5871173,0
0.8888712,-0.2766173,0
0.90282494,-0.38827267,0
1.1698917,-0.5397948,0
1.0376655,-0.364686,0
0.932507,-0.43680698,0
1.0792359,-0.38796252,0
0.7246477,-0.21236788,0
0.8163468,-0.4337103,0
0.8559542,-0.3257036,0
0.5837869,-0.119800806,0
0.97159505,-0.15033713,0
0.9178017,-0.29117608,0
0.6784544,-0.15554555,0
0.6890006,0.04937916,0
0.61839676,0.038968984,0
0.7181092,0.09066815,0
0.62452745,0.09649064,0
0.487034,-0.058273338,0
0.6717656,0.19008186,0
0.2737059,0.091666505,0
0.270314,0.20120019,0
0.30064315,0.21302135,0
0.2247074,0.05456555,0
0.19450504,0.33240753,0
0.057598192,0.20364632,0
0.109401844,0.17334543,0
0.03326224,0.29491112,0
-0.029250856,0.35457644,0
-0.16094421,0.6292944,0
-0.13786376,0.59806097,0
-0.36866176,0.5275831,0
-0.20768136,0.74025667,0
-0.38154963,0.49574602,0
-0.41645676,0.42628232,0
-0.68049294,0.5180764,0
-0.7292884,0.4474,0
-0.7640414,0.6643369,0
-0.5418659,0.60450554,0
-0.76566046,0.5352942,0
-0.85874,0.47857887,0
-0.7908966,0.35952437,0
-1.0953883,0.36527988,0
-0.6063563,0.3956721,0
-0.74088717,0.34804237,0
-0.9358353,0.5374596,0
-0.9736688,0.5175735,0
-0.91129214,0.19769074,0
-0.93920237,0.20647988,0
-0.9586962,0.40478477,0
-1.0071356,0.29194534,0
-0.936468,0.25605908,0
-0.97434866,0.06856154,0
-1.0303379,0.16581649,0
-1.0398192,0.24417882,0
-0.86090106,0.04669823,0
-0.94374233,-0.040937543,0
-0.9365923,-0.21386881,0
-0.98356587,-0.10351492,0
-0.92337173,-0.15741923,0
-0.86262155,-0.19681156,0
-0.8330494,-0.19497684,0
-0.73664385,-0.45224512,0
-0.71246874,-0.32340014,0
-0.69415826,-0.24024887,0
-0.6632219,-0.20603444,0
-0.60607934,-0.49546513,0
-0.4318045,-0.34528485,0
-0.4905852,-0.2984529,0
-0.24122295,-0.44877085,0
-0.25729966,-0.52385545,0
-0.41059324,-0.36292088,0
-0.3522428,-0.6144899,0
0.033029784,-0.37355286,0
-0.22711967,-0.4482764,0
-0.29016683,-0.5223802,0
0.10705309,-0.37055293,0
0.2733064,-0.40327567,0
0.09812968,-0.42976332,0
0.21937393,-0.6188393,0
0.20606565,-0.4152118,0
0.40868017,-0.6236856,0
0.4770592,-0.50548106,0
0.092716105,-0.34025374,0
0.5332719,-0.41579837,0
0.43693838,-0.24167608,0
0.6996633,-0.27880016,0
0.51258445,-0.37934276,0
0.7144944,-0.21069251,0
0.7106307,-0.23372824,0
0.6993083,-0.07677134,0
0.67071074,-0.43521252,0
0.70783436,-0.11674908,0
0.82832,-0.016949406,0
0.83978575,-0.041251518,0
1.116746,-0.012837817,0
0.9344598,-0.024560997,0
1.0328435,-0.060451925,0
0.8800831,0.16267045,0
4.4179664,-4.378203,1
0.92074776,0.16987911,0
1.0319053,0.26673684,0
0.94750696,0.29164714,0
0.9064904,0.2386416,0
1.01835,0.29962796,0
0.9020265,0.47818288,0
0.88848525,0.3925115,0
0.7950609,0.5448956,0
0.84809005,0.28745463,0
0.799291,0.43945765,0
0.74517435,0.44068727,0
0.8400362,0.65433,0
0.73391616,0.527565,0
0.75454015,0.30616954,0
0.8106777,0.576024,0
0.7400767,0.39452535,0
0.4066187,0.30719194,0
0.54716396,0.40591535,0
0.40387577,0.44592902,0
0.40999952,0.41759908,0
0.46657747,0.52859664,0
0.34083942,0.5694579,0
0.23242053,0.2064408,0
3.6888685,-2.5804691,1
0.12590021,0.3755863,0
-0.08384368,0.28657934,0
-0.01526102,0.24152812,0
0.05051485,0.19192596,0
-0.2031179,0.47892433,0
-0.18793987,0.3777559,0
-0.13145283,0.20022292,0
-0.112992525,0.27467453,0
-0.5803152,0.15756217,0
-0.46372852,0.105729535,0
-0.5792824,0.20791064,0
-0.605675,0.09994648,0
-0.45838144,0.083421715,0
-0.63562,-0.14440846,0
-0.69284415,-0.044581298,0
-0.82244796,-0.063797936,0
-0.6448403,-0.08107947,0
-0.8731647,-0.21396358,0
-0.870777,-0.3100203,0
-0.83754224,-0.16808869,0
-0.9428955,-0.3408041,0
-0.9124596,-0.32092714,0
-0.970342,-0.30340162,0
-0.9904588,-0.29853287,0
-1.1095623,-0.23856376,0
-1.018109,-0.3492039,0
-0.7559177,-0.5585444,0
-1.0429024,-0.5140367,0
-1.0484474,-0.45457923,0
-0.9764731,-0.46453544,0
-0.97608155,-0.5246368,0
-1.0668362,-0.60562086,0
-1.017109,-0.47465008,0
-1.0098538,-0.4962439,0
-0.9114638,-0.39324817,0
-1.0287535,-0.38883966,0
-0.81039006,-0.45687947,0
-0.8512209,-0.41374427,0
-0.7628528,-0.41814986,0
-0.7444951,-0.50378585,0
-0.68101996,-0.40269586,0
-0.7722351,-0.3764911,0
-0.5059677,-0.37581408,0
-0.51012707,-0.2952913,0
-0.58753544,-0.032378145,0
-0.5119274,-0.38781923,0
-0.60339963,-0.24182884,0
-0.33845708,-0.22575596,0
-0.27643993,-0.20301278,0
-0.14789544,-0.15545921,0
-0.46740678,-0.007885323,0
-0.35592964,0.11600946,0
0.093092866,-0.28346032,0
0.15055464,-0.011945757,0
0.13991028,0.26107374,0
0.03325328,0.08338946,0
0.22967099,0.23870195,0
0.49283025,0.07019053,0
0.38485757,0.27535826,0
0.38916516,0.33056524,0
0.42232162,0.35612014,0
0.3707157,0.29680318,0
0.61059815,0.30056754,0
0.879896,0.37481174,0
0.61255395,0.4029061,0
0.69523555,0.36331236,0
0.8266738,0.37200844,0
0.6571073,0.36582923,0
0.9070108,0.32639948,0
0.87689245,0.46736664,0
0.7764881,0.59882224,0
0.9335409,0.64263535,0
1.1297766,0.51076376,0
0.91802824,0.57984644,0
0.83152586,0.36727524,0
1.067918,0.3278749,0
0.90324724,0.48991224,0
1.1064663,0.5558452,0
0.9654148,0.3980147,0
1.1210116,0.37769186,0
0.9664988,0.47792608,0
0.8924819,0.42699364,0
0.9782945,0.32426187,0
0.9063301,0.42403397,0
0.78767425,0.38792917,0
0.8618215,0.3240155,0
0.72009104,-0.10412543,0
0.6473819,0.26340958,0
0.7850625,0.13831803,0
0.73315316,0.23784982,0
0.83886456,0.18941008,0
0.52934736,-0.015769703,0
0.5872813,-0.07660258,0
0.4349927,-0.0022448173,0
0.567074,-0.07581731,0
0.5046486,-0.18841837,0
0.4002842,0.028795324,0
0.50491905,-0.22807533,0
0.3868037,-0.35193264,0
0.13627616,-0.20416388,0
0.1894213,-0.31031352,0
0.030075537,-0.4415368,0
0.007705633,-0.4819787,0
-0.16893491,-0.2862815,0
-0.12933713,-0.43581995,0
-0.01900705,-0.4226609,0
-0.32244378,-0.39595175,0
-0.4721304,-0.43165234,0
-0.40858778,-0.44027856,0
-0.4339125,-0.3890924,0
-0.4722464,-0.5151085,0
-0.6029948,-0.468368,0
-0.6393032,-0.42620543,0
-0.4624729,-0.37208757,0
-0.6239075,-0.32716212,0
-0.7261049,-0.5211021,0
-0.80987144,-0.15377037,0
-0.99383056,-0.5367324,0
-0.64540386,-0.3612874,0
-0.9420484,-0.44416746,0
-0.95112383,-0.42973942,0
-0.7553261,-0.45696667,0
-0.8734296,-0.39069656,0
-0.9179357,-0.3750847,0
-1.1369557,-0.4018374,0
-0.9566798,-0.28355625,0
-1.0693827,-0.2987123,0
-0.7828528,-0.08188228,0
-0.9852212,-0.090520725,0
-0.90863943,-0.08832083,0
-0.97698003,-0.14129032,0
-0.8323051,0.14335768,0
-0.925515,0.049384072,0
-1.0565422,-0.08163716,0
-1.1319984,0.015663024,0
-0.8614676,0.07858258,0
-0.9305011,0.018839654,0
5.290234,-4.0525165,1
-0.6619344,0.19702946,0
-0.7119418,0.2783324,0
-0.5725866,0.29983607,0
-0.70309645,0.3325607,0
-0.86701274,0.36457863,0
-0.601484,0.4120034,0
-0.4492947,0.5102331,0
-0.61482155,0.43110538,0
-0.37938774,0.38712418,0
-0.23980159,0.6630661,0
-0.36921194,0.60585934,0
-0.17258222,0.59720016,0
3.7524579,-2.876326,1
-0.08332754,0.64408314,0
0.21474336,0.618757,0
-0.032032985,0.4164234,0
0.1541104,0.2984393,0
0.17288698,0.49438515,0
0.28367573,0.5855728,0
0.27152452,0.5837083,0
0.4526553,0.42704648,0
0.5004866,0.4462837,0
0.33788753,0.41007203,0
0.44848537,0.43185085,0
0.48042858,0.29333356,0
0.65940607,0.25554463,0
0.7191601,0.19937958,0
0.8372356,0.16757807,0
0.87347984,0.35126442,0
0.86758316,0.3123418,0
0.8743012,0.13535357,0
0.9193597,0.1661218,0
1.0345447,0.12932321,0
0.7993005,-0.10380324,0
0.89419043,0.05367903,0
0.8264577,0.018828737,0
1.2892802,-0.09000327,0
1.0344273,-0.26221487,0
0.9430442,-0.29288223,0
0.81618965,-0.08977768,0
0.87879986,-0.3805646,0
0.9457102,-0.2304773,0
1.1237502,-0.39993232,0
1.1199982,-0.5709174,0
1.0781759,-0.28991446,0
0.9150266,-0.44415042,0
0.8049265,-0.30341473,0
1.0551738,-0.43726638,0
0.9100144,-0.17109504,0
0.8084671,-0.3857301,0
0.73763067,-0.44369718,0
0.819909,-0.15766189,0
0.60471576,-0.49578956,0
0.5670246,-0.38624236,0
0.5490526,-0.61114675,0
0.68727165,-0.70345724,0
0.48584887,-0.54563314,0
0.5017776,-0.40072367,0
0.53504866,-0.6217995,0
0.25434786,-0.4365139,0
0.15852506,-0.3233415,0
0.029222323,-0.46100414,0
-0.0237814,-0.5434832,0
0.16512872,-0.4075362,0
0.048285548,-0.2942231,0
0.09849114,-0.362432,0
-0.18558009,-0.48592958,0
-0.34074074,-0.160369,0
-0.3492548,-0.2633623,0
-0.22456202,-0.12394217,0
-0.43687832,-0.20191532,0
-0.50504684,-0.041418973,0
-0.5910106,-0.2935963,0
-0.50060517,-0.17304428,0
-0.50881445,-0.10705729,0
-0.63938296,-0.0025226942,0
-0.8182879,0.12203348,0
-0.841035,0.16574493,0
-0.6459773,0.10981843,0
-0.7784469,0.21413179,0
-0.88681537,0.3065263,0
-1.0053377,0.3367501,0
-0.88785523,0.28430182,0
-0.7654451,0.29009485,0
-1.0276868,0.23998915,0
-1.0037992,0.24488151,0
-0.9818035,0.6286197,0
-1.1202737,0.5965849,0
-0.87614435,0.56110686,0
-0.8868025,0.6604235,0
-1.23089,0.40088555,0
-0.9428102,0.60741216,0
-1.2142321,0.560383,0
-0.94313556,0.3141991,0
-0.8323932,0.5562293,0
-0.8850988,0.5756698,0
-0.93410474,0.3598799,0
-0.7412586,0.43461624,0
-0.866581,0.48142546,0
-0.94117665,0.5507262,0
-0.7692312,0.57068956,0
-0.8004464,0.42344934,0
-0.7276277,0.27987775,0
-0.27981058,0.15492733,0
-0.5957654,0.34915668,0
-0.71183276,0.26834056,0
-0.4604374,0.30459568,0
-0.54294306,0.3383584,0
-0.16042742,0.23207094,0
-0.48254928,0.0867439,0
-0.20690449,0.21758011,0
-0.122245945,0.0809376,0
-0.07104184,0.14691566,0
-0.056929816,0.15040264,0
-0.16473006,0.047087632,0
0.0806846,0.052246157,0
0.13734329,-0.044608116,0
0.3604974,-0.15862273,0
0.38282615,-0.24260296,0
0.35300517,-0.23928049,0
0.48245066,-0.1518543,0
0.26357624,-0.14502454,0
0.43343467,-0.2514926,0
0.67977554,-0.33292064,0
0.7359257,-0.51365775,0
0.7337384,-0.35754144,0
0.63302714,-0.54140604,0
0.7214706,-0.38561666,0
0.7172406,-0.3742438,0
0.5947435,-0.39471936,0
0.86373246,-0.5631771,0
0.89705324,-0.36123642,0
0.93076575,-0.5853841,0
0.8967363,-0.5171287,0
0.906014,-0.4552663,0
0.883739,-0.5511387,0
0.9124316,-0.433685,0
0.9263996,-0.49433282,0
0.8735715,-0.54610807,0
1.086716,-0.34669194,0
1.1417269,-0.52473676,0
1.0890825,-0.4202217,0
0.9847868,-0.37212068,0
0.8297853,-0.30011114,0
0.8991663,-0.35329813,0
0.92280984,-0.42304116,0
0.86742055,-0.4435476,0
0.8528584,-0.16288269,0
0.79245126,-0.28519088,0
0.84456104,-0.43271086,0
0.8386114,-0.22034073,0
0.66735613,-0.15057245,0
0.8835383,-0.12937404,0
0.7337511,0.053785168,0
0.65226674,0.3886141,0
0.6085226,-0.07708161,0
0.38095307,0.10901831,0
0.47613034,0.19912992,0
0.35248986,-0.010690455,0
0.281097,0.14648908,0
0.29668838,0.1637248,0
0.18469395,0.37198845,0
0.28069744,0.31544995,0
0.22777149,0.3110975,0
0.14929268,0.35237297,0
-0.10138894,0.4253254,0
0.0070210407,0.3051826,0
-0.17899376,0.47733966,0
-0.16812289,0.4954228,0
-0.34502298,0.42302367,0
-0.18839778,0.41485888,0
-0.32488355,0.3760317,0
-0.5320772,0.4861085,0
-0.41008815,0.49357358,0
-0.6336948,0.48724964,0
-0.6829073,0.6776917,0
-0.60407317,0.49967316,0
-0.83293504,0.34003806,0
-0.8345103,0.60106426,0
-0.80549884,0.5884134,0
-0.8467168,0.43726647,0
-0.6955742,0.44059598,0
-0.90653074,0.3982294,0
-0.81298757,0.40057284,0
-1.0491519,0.47149384,0
-0.9960401,0.35059693,0
-0.85902697,0.33824316,0
-1.1368847,0.23614226,0
-0.94594544,0.159097,0
-1.0740112,0.31135988,0
-1.1311768,0.15128918,0
-1.1377012,0.042620108,0
-0.9622327,0.026531557,0
-1.1363325,0.14491928,0
-0.9928575,0.05925644,0
-0.78604656,-0.06335499,0
-0.8064124,0.03987062,0
-0.8494213,-0.25190386,0
-0.8642182,-0.020896863,0
-0.8144059,-0.18977018,0
-0.6743476,-0.10758496,0
-0.8170203,-0.28180677,0
-0.4728053,-0.5158795,0
-0.5944314,-0.34475285,0
-0.634171,-0.5009232,0
-0.63060594,-0.28326762,0
-0.3888832,-0.36199656,0
-0.4133812,-0.40630284,0
-0.41470635,-0.517581,0
-0.4746476,-0.4855408,0
-0.08253217,-0.3985459,0
-0.058910597,-0.5778501,0
-0.085787565,-0.5264687,0
-0.18572439,-0.36320624,0
0.055825192,-0.5492127,0
0.13374731,-0.46831086,0
0.084123746,-0.49969482,0
0.24610877,-0.38753387,0
0.29005298,-0.37199795,0
0.3932524,-0.48718932,0
0.44515583,-0.51494306,0
0.26837918,-0.2879799,0
0.41504383,-0.3808529,0
0.41571772,-0.38013825,0
0.6707478,-0.36963126,0
0.5269096,-0.33789375,0
0.6015471,-0.29560477,0
0.7057456,-0.11527921,0
0.6783798,-0.28775904,0
0.74854857,-0.21560146,0
1.0099275,0.0036036242,0
0.78736097,-0.00719652,0
0.9360341,-0.1886615,0
0.8980227,0.044634733,0
1.1255125,0.054258566,0
1.1200368,0.19090065,0
1.0925487,0.29462942,0
0.89592654,0.28106627,0
0.95592237,0.09347839,0
0.9517691,0.24147306,0
0.8265072,0.098231226,0
1.0714589,0.30312395,0
0.9987948,0.3680385,0
1.0447953,0.35597593,0
1.0020642,0.37766573,0
0.88236386,0.4080029,0
0.76717204,0.52881366,0
0.82904434,0.2623688,0
0.8379017,0.60312426,0
0.69711286,0.5566356,0
0.660989,0.47192502,0
0.9239589,0.633747,0
0.83331513,0.61980206,0
0.6445371,0.39759356,0
0.8268423,0.31147495,0
0.6374543,0.44180578,0
0.44722843,0.5201043,0
0.40115052,0.50391275,0
0.37493452,0.50772953,0
0.30332258,0.4428011,0
0.43953982,0.6320498,0
0.16192538,0.59006566,0
0.13158403,0.39226407,0
-0.040057663,0.3380062,0
0.06289942,0.31181964,0
-0.042831063,0.3436821,0
-0.026242796,0.32634726,0
-0.35795674,0.32604194,0
-0.36039528,0.29373172,0
-0.34808847,0.23436683,0
-0.5063697,-0.02868082,0
-0.64453244,0.16397163,0
-0.60594845,-0.15127072,0
-0.4276329,0.096477665,0
-0.58372545,-0.02902002,0
-0.4691437,-0.03034011,0
-0.81517863,-0.08496872,0
-0.6480213,-0.045970786,0
-0.7577952,-0.22907516,0
-0.84761566,-0.25302398,0
-0.9937102,-0.3194313,0
-0.9271066,-0.28376073,0
-0.874842,-0.48515517,0
-0.8750464,-0.28902283,0
-0.8136993,-0.30896494,0
-1.0560533,-0.50710154,0
-0.9187314,-0.60394627,0
-0.92352587,-0.48591113,0
-0.97441506,-0.65373737,0
-1.0829957,-0.3192642,0
-0.9548568,-0.3071551,0
-0.96866757,-0.44673583,0
-1.0581623,-0.5517496,0
-1.0924348,-0.29526946,0
-0.9112694,-0.43910968,0
-0.9637291,-0.57092804,0
-0.8078198,-0.33660862,0
-0.9016132,-0.56253964,0
-0.9378072,-0.58408165,0
-0.87844545,-0.34804702,0
-0.64504755,-0.5033467,0
-0.8124605,-0.3369515,0
-0.87368256,-0.35623565,0
-0.6974501,-0.39075693,0
-0.5926851,-0.18944344,0
-0.49555865,-0.46745843,0
-0.4235182,-0.2711007,0
-0.50684005,-0.43934983,0
-0.35754308,-0.4159964,0
-0.185371,-0.17262709,0
-0.19620767,-0.24567215,0
-0.31546223,-0.12876341,0
-0.34087783,0.057886675,0
-0.13451888,0.10691871,0
-0.1030241,-0.0018326525,0
0.1821143,0.03590808,0
0.2075777,0.055686682,0
0.16662176,0.2606907,0
0.05553193,0.33703768,0
0.23782079,0.22357261,0
0.34318733,0.38040084,0
0.44855294,0.23130296,0
0.6118919,0.21980824,0
0.47804853,0.20953225,0
0.5535366,0.46783295,0
0.5894531,0.40147063,0
0.81496745,0.3826759,0
0.7522022,0.48090032,0
0.7524163,0.171281,0
0.72443527,0.45433918,0
0.7956805,0.54695296,0
0.9774754,0.55168635,0
1.0109953,0.49662977,0
0.96590173,0.6863992,0
1.0329235,0.48370025,0
0.75286376,0.55163336,0
1.0513775,0.51777065,0
0.98749155,0.4604772,0
0.90480024,0.52743465,0
0.95865786,0.49584633,0
1.0984092,0.49706876,0
1.0103518,0.2382239,0
1.0114945,0.3913917,0
1.0930133,0.29318383,0
0.90381426,0.36490214,0
0.8835909,0.30629885,0
0.78160065,0.20485409,0
0.5090167,0.07503938,0
1.0034796,0.24131985,0
0.82227343,0.15051448,0
0.7904229,-0.03380937,0
0.7587336,0.18746172,0
0.6895016,-0.032663736,0
0.71220046,0.17714347,0
0.65054804,0.008874952,0
0.5404027,-0.13863005,0
0.4881665,-0.13123181,0
0.41210094,-0.27902105,0
0.32679877,-0.14159113,0
0.26737908,-0.15343657,0
0.1743025,-0.28325304,0
0.15915081,-0.28855065,0
0.2935255,-0.31410193,0
0.095513724,-0.25638068,0
-0.034306955,-0.47941816,0
0.023158377,-0.4326495,0
-0.06632223,-0.378559,0
-0.17719802,-0.16732566,0
-0.22426002,-0.35168284,0
-0.10132052,-0.47850275,0
-0.112569585,-0.37328467,0
-0.40544322,-0.47002223,0
-0.49225232,-0.53533465,0
-0.4678712,-0.6551143,0
-0.67561126,-0.31953427,0
-0.6025238,-0.42561567,0
-0.5314261,-0.49368027,0
-0.55801755,-0.4502696,0
-0.8051551,-0.6132688,0
-0.6893234,-0.3993903,0
-0.8341169,-0.5238683,0
-0.8891555,-0.36426038,0
-1.0975384,-0.43717146,0
-0.9570235,-0.44358337,0
-0.92538065,-0.24504374,0
-1.014814,-0.28608713,0
-0.9855202,-0.4645075,0
-0.8380644,-0.2707065,0
-0.8205292,-0.1873584,0
-1.0879599,-0.06119307,0
-1.0777993,-0.26617336,0
-1.0828751,-0.07176328,0
-1.0117562,-0.09479387,0
-1.0621951,-0.08502232,0
-1.1174289,0.09031156,0
-1.1855851,0.0799405,0
-1.0098344,0.066471264,0
-0.8099823,0.086592175,0
-0.7335883,0.41081512,0
-0.57468325,0.15914166,0
-0.75685436,0.14452942,0
-0.7409656,0.35775435,0
-0.6360576,0.20630312,0
-0.76982325,0.3203,0
-0.5357858,0.55015326,0
-0.43748698,0.39019924,0
-0.47932264,0.24284804,0
-0.4334725,0.6764505,0
-0.29177248,0.48021987,0
-0.29458746,0.5276501,0
-0.2876103,0.39966887,0
-0.12248837,0.37917525,0
-0.020437883,0.39740717,0
-0.06887612,0.43518713,0
-0.01786232,0.43815702,0
-0.0017672924,0.47993165,0
0.08678554,0.5413063,0
0.23263434,0.3181553,0
0.10809259,0.6310058,0
0.29586175,0.5386726,0
0.28899062,0.4206331,0
0.43879953,0.40407774,0
0.65215445,0.34179738,0
0.56813544,0.3566676,0
0.6778971,0.39022467,0
0.6178397,0.45978105,0
0.5291933,0.07353983,0
0.7792817,0.35826498,0
0.644591,0.19189906,0
0.9029676,0.20588063,0
0.75267726,0.28521514,0
0.7617341,0.07274257,0
0.8986924,0.14936988,0
0.8534537,-0.043609984,0
0.9612846,-0.16913624,0
1.0349528,-0.15824512,0
1.1099058,-0.23685384,0
0.96042,-0.01969167,0
0.94544584,-0.22030441,0
1.0372618,-0.2981574,0
0.91161585,-0.13763987,0
1.0025748,-0.22465079,0
0.97205764,-0.16004658,0
1.0359921,-0.27664202,0
1.0451198,-0.18171336,0
0.85892653,-0.49338743,0
0.8550807,-0.3931085,0
0.85222745,-0.48044056,0
1.0424838,-0.47569874,0
0.7417431,-0.40843773,0
0.85750717,-0.3434394,0
0.7796124,-0.49027282,0
0.8298433,-0.52625275,0
0.79640573,-0.62753385,0
0.61527294,-0.66509444,0
0.5272802,-0.5025198,0
0.6563636,-0.28712192,0
0.31828132,-0.48737615,0
0.47315803,-0.37293184,0
0.29321465,-0.46714184,0
0.34020573,-0.4709627,0
0.16517872,-0.48342675,0
0.04917631,-0.3596197,0
0.27536452,-0.43479374,0
-0.07130797,-0.44267073,0
0.124641545,-0.2523322,0
-0.13862264,-0.3373869,0
-0.10322091,-0.18175596,0
-0.1446258,-0.29748017,0
-0.3221663,-0.22091144,0
-0.3234904,-0.20803109,0
-0.50019264,-0.10148498,0
-0.38875452,-0.048004534,0
-0.5125057,-0.0119773615,0
-0.6732187,-0.10990339,0
-0.65719444,0.1441119,0
-0.5704954,-0.04904542,0
-0.9738253,-0.032515906,0
-0.67763686,0.33980507,0
-0.93668425,0.27594545,0
-0.80422974,0.3358043,0
-0.9075338,0.14466174,0
-0.83206016,0.11356109,0
-0.9438897,0.4489068,0
-0.906347,0.5268574,0
-0.9561791,0.3098286,0
-1.1199366,0.36802322,0
-1.055539,0.5013086,0
-0.94642735,0.32587945,0
-1.1094383,0.52034867,0
-1.156112,0.32539806,0
-0.85249555,0.51720536,0
-0.91067547,0.56979036,0
-0.9478112,0.47917452,0
-0.85778743,0.43440422,0
-0.9134496,0.40559462,0
-0.9556587,0.5632986,0
-1.004972,0.59133303,0
-0.8905503,0.47720656,0
-0.84620255,0.293554,0
-0.80491537,0.33418345,0
-0.63275504,0.39089286,0
-0.6698175,0.45463198,0
-0.6236811,0.4035386,0
-0.53921556,0.41652912,0
-0.47167757,0.35811237,0
-0.39712584,0.3918198,0
-0.4094309,0.30717683,0
-0.33733487,0.09382621,0
-0.18205214,0.25448483,0
-0.25645986,0.25239998,0
-0.12276971,0.3924549,0
-0.17625204,0.061101053,0
0.060992334,0.04041977,0
-0.060793728,-0.021489846,0
0.24123363,0.04236524,0
0.0630708,-0.23399022,0
0.08621966,-0.08112144,0
0.3844429,0.095433466,0
0.34172508,-0.3352949,0
0.4941724,-0.28616077,0
0.43606743,-0.15375404,0
0.33204612,-0.41097853,0
0.65587896,-0.18961887,0
0.73027575,-0.3407808,0
0.693461,-0.29331017,0
0.7232657,-0.30132273,0
0.6567599,-0.53641844,0
0.6615427,-0.3114676,0
0.7198296,-0.4061473,0
0.71512705,-0.4437793,0
0.9595718,-0.289972,0
0.9281236,-0.44120088,0
0.9797874,-0.3791143,0
0.9176486,-0.52885467,0
0.97233045,-0.48108634,0
0.9317199,-0.5420209,0
1.1805816,-0.3708552,0
0.96989685,-0.45423236,0
0.91905683,-0.48623484,0
1.0891643,-0.43602887,0
0.9437532,-0.4264136,0
0.8808818,-0.37961966,0
1.0414749,-0.38399687,0
0.86799455,-0.41198927,0
0.9970521,-0.4263096,0
0.947843,-0.24208798,0
0.92210054,-0.08111504,0
1.016476,-0.20074996,0
0.8402946,-0.05962925,0
0.8652712,-0.10188707,0
0.73036563,-0.10331902,0
0.81405544,-0.18984243,0
0.65577316,-0.05173657,0
0.4808852,0.033149976,0
0.38305473,0.08822338,0
0.47353414,0.12411174,0
0.43385744,0.109713666,0
0.5089691,0.010582467,0
0.26144835,0.24419898,0
0.26998547,0.19939712,0
0.1197292,0.22686997,0
0.33785287,0.42814502,0
0.028387727,0.4167318,0
-0.01130276,0.23817195,0
-0.18050253,0.35134062,0
0.009899819,0.37291878,0
-0.30285338,0.51074624,0
-0.24766038,0.39320865,0
-0.2913121,0.5691559,0
-0.38787085,0.36323848,0
-0.41699705,0.33610177,0
-0.37588298,0.5476217,0
-0.395881,0.50928766,0
-0.48169646,0.51224154,0
-0.5662602,0.40854594,0
-0.5421642,0.46127665,0
-0.7198039,0.37263632,0
-0.8120974,0.60550284,0
-0.68911475,0.55278283,0
-0.96056616,0.3124441,0
-1.0318172,0.60621023,0
-0.846023,0.44312337,0
-0.74936813,0.4812691,0
-1.0195103,0.295239,0
-0.9643707,0.31335518,0
-1.1080838,0.33259153,0
-0.9893464,0.33723074,0
-1.0851669,0.05856808,0
-0.9263706,0.25833052,0
-1.0346317,0.14582638,0
-1.0491616,0.12388815,0
-0.78700215,0.15544994,0
-1.0199504,-0.11386196,0
-1.0576907,-0.0008339282,0
-0.95079917,-0.03932817,0
-0.81778884,0.09487575,0
-0.65168846,-0.20703074,0
-0.80987334,-0.14746043,0
-0.93206006,-0.14461865,0
-0.81295365,-0.16753635,0
-0.757858,-0.14647587,0
-0.4984068,-0.28389305,0
-0.58326215,-0.1582211,0
-0.53896624,-0.37020382,0
-0.6579719,-0.4999483,0
-0.342811,-0.58826584,0
-0.45350757,-0.58349234,0
-0.29276767,-0.40664163,0
-0.2845895,-0.37523326,0
-0.3385873,-0.26022327,0
-0.28441867,-0.50461364,0
-0.13351478,-0.5961353,0
-0.006346151,-0.5019091,0
0.1391511,-0.6445052,0
0.07836354,-0.4829286,0
0.082033426,-0.5274138,0
0.11995291,-0.35333845,0
0.2742021,-0.41183197,0
0.30858788,-0.34571674,0
0.37880808,-0.39183277,0
0.4849191,-0.6052326,0
0.5683387,-0.4937911,0
0.58612555,-0.29264742,0
0.6999953,-0.3614496,0
0.7621803,-0.55620974,0
0.60006005,-0.18934269,0
0.66998255,-0.4046113,0
0.7271184,-0.25698522,0
0.7286147,-0.32945436,0
0.90011847,-0.1558116,0
0.9540053,-0.10075866,0
0.8651264,-0.07119716,0
0.9917845,-0.07823593,0
1.093451,-0.060905907,0
0.894935,0.10645949,0
5.9763727,-3.218403,1
0.9600781,0.12064559,0
0.9373553,0.1344649,0
0.9324866,0.015928917,0
0.93655676,0.15615724,0
1.1466327,0.36190876,0
1.0359647,0.2969391,0
1.0744503,0.4107717,0
1.0113381,0.36517242,0
0.84791297,0.39006144,0
0.7839422,0.2730231,0
0.71332276,0.34361503,0
0.6318578,0.48130912,0
0.6416661,0.45740518,0
0.7972035,0.5887842,0
0.74627227,0.3238691,0
0.6705375,0.7260195,0
0.63403666,0.4449373,0
0.5616754,0.3378999,0
0.4270905,0.46585572,0
0.57791984,0.5389541,0
0.42803067,0.75763756,0
0.3939688,0.45492357,0
0.17255041,0.3866695,0
0.11805812,0.46121767,0
0.27073294,0.5018986,0
0.18368915,0.33883563,0
0.16123663,0.38726586,0
-0.015498106,0.33934128,0
-0.20845322,0.218827,0
-0.12734641,0.21536835,0
-0.07145603,0.491771,0
-0.19766639,0.24563973,0
-0.30723318,0.109732464,0
-0.5505844,0.030302688,0
-0.39916158,0.09176973,0
-0.42696106,-0.095202364,0
-0.5812942,0.13587722,0
-0.6116595,0.19150741,0
-0.7337477,0.20349048,0
-0.71773356,0.024846235,0
-0.7586202,-0.13952366,0
-0.8211532,-0.025419278,0
-0.8733688,-0.2718393,0
-0.9685127,-0.19401179,0
-0.8548668,-0.14478439,0
-0.9915392,-0.1935217,0
-0.74282455,-0.07625615,0
-1.0842547,-0.24250892,0
-1.0609839,-0.44096455,0
-0.9865968,-0.30278152,0
-1.0316943,-0.49174935,0
-1.0100541,-0.33212924,0
-1.2759637,-0.55620784,0
-1.187594,-0.4507611,0
-0.9310606,-0.52556634,0
-0.99203724,-0.44276977,0
-1.0305175,-0.41509548,0
-0.9696304,-0.33375967,0
-0.8873643,-0.5351921,0
-0.87457114,-0.38924247,0
-0.88081133,-0.61634225,0
-0.94647264,-0.47286615,0
-0.58384234,-0.49230817,0
-0.90443563,-0.5068713,0
-0.81909436,-0.50756097,0
-0.86332184,-0.4063378,0
-0.7000074,-0.34658232,0
-0.7807768,-0.28776932,0
-0.63519645,-0.2266272,0
-0.44677815,-0.39621562,0
-0.4584122,-0.33992133,0
-0.41758245,-0.30255997,0
-0.40171465,-0.29049605,0
-0.21414508,-0.14245813,0
-0.19711757,-0.24552704,0
-0.15397191,-0.062180012,0
-0.12010442,-0.11953553,0
0.0569416,0.12706451,0
-0.09646433,0.09932963,0
0.22971795,0.05557652,0
0.14996044,0.18127404,0
0.12033598,0.19047391,0
0.42070433,0.27597266,0
0.38153404,0.36930698,0
0.43296725,0.30418718,0
0.47329545,0.32897124,0
0.41093355,0.5217793,0
0.66368616,0.4679054,0
0.5608255,0.3404975,0
0.4415691,0.33775207,0
0.63791645,0.40706614,0
0.70071197,0.7210825,0
0.8918242,0.21608733,0
0.7486695,0.50862485,0
0.76786304,0.5818029,0
0.9496012,0.50292915,0
1.0851121,0.63120735,0
1.0018971,0.45719942,0
0.9989303,0.51411283,0
0.9893321,0.5102609,0
0.9307319,0.56660813,0
0.9765929,0.61414886,0
1.1663487,0.25253448,0
1.0580622,0.29888555,0
0.99218154,0.55613667,0
0.86738545,0.36571124,0
0.9386724,0.47949356,0
0.9537044,0.27597392,0
1.0184503,0.41279587,0
0.9463979,0.27144462,0
0.86256635,0.18287686,0
0.8506854,0.13452923,0
0.8972098,0.32672566,0
0.7584911,0.24914847,0
0.63905513,0.060614437,0
0.4643966,0.03670887,0
0.6955188,0.07173466,0
0.61882466,-0.11810002,0
0.555455,-0.048114173,0
0.39297834,-0.10596756,0
0.5164056,0.066203326,0
0.18969108,-0.11193209,0
0.31485736,0.084327035,0
0.22009079,-0.31962496,0
0.21278326,-0.354688,0
0.08971845,-0.31196117,0
0.06501615,-0.38047865,0
-0.0852456,-0.52856356,0
-0.078942634,-0.5205913,0
-0.2431881,-0.5602096,0
-0.21954708,-0.47072944,0
-0.31459337,-0.5525868,0
-0.26731706,-0.43487963,0
-0.2790727,-0.6722732,0
-0.61659104,-0.4380456,0
-0.5733516,-0.48492363,0
-0.7196835,-0.38064662,0
-0.6984816,-0.63689935,0
-0.7361863,-0.44934088,0
-0.53955555,-0.3511826,0
-0.74594706,-0.6698923,0
-0.8661882,-0.45480797,0
-0.9768012,-0.4771624,0
-0.68619746,-0.49708486,0
-0.847841,-0.5648653,0
-0.9403702,-0.3610832,0
-0.9472616,-0.29979563,0
-0.9186782,-0.34825143,0
-0.9103523,-0.21610233,0
-0.79700553,-0.15887398,0
-1.119008,-0.13473004,0
-0.9084374,-0.15501556,0
-0.9215813,-0.097172104,0
-1.2247427,-0.16904028,0
-1.0643106,-0.06347402,0
-0.89482313,-0.09709033,0
-0.93501407,-0.18259431,0
-1.024844,-0.07309483,0
-0.7784027,-0.06918098,0
-0.82606596,0.04673095,0
-0.97441983,0.08213959,0
-0.97727185,0.11497018,0
-0.72855014,0.21443145,0
-0.78499556,0.23647103,0
-0.713786,0.073511474,0
-0.63765824,0.16545434,0
-0.54391176,0.39359325,0
-0.5090119,0.3269435,0
-0.36371228,0.4404045,0
-0.6028897,0.44461027,0
-0.38667214,0.52279615,0
-0.36784664,0.41922468,0
-0.2901042,0.4713428,0
-0.2285471,0.58078915,0
-0.15446158,0.40313375,0
-0.031168204,0.5482102,0
-0.05385074,0.6907311,0
-0.19077577,0.5503812,1
-0.04945831,0.5263455,1
0.116406396,0.5036284,1
0.35739377,0.49761534,1
0.10586708,0.5686755,1
0.4722664,0.27713946,1
0.3947874,0.36048812,1
0.4841449,0.3040366,1
0.43971333,0.51515025,1
0.7708826,0.3163828,1
0.80329794,0.49206418,1
0.8336523,0.37489244,1
0.77973163,0.26488414,1
0.5894985,0.43342996,1
0.8784761,0.121016465,1
1.0173122,0.2227589,1
0.99668396,0.1492785,1
1.0727655,0.3058435,1
1.0756979,0.056442138,1
0.96454316,0.06218071,1
1.0916458,0.06539669,1
1.1283118,0.088625036,1
1.0283985,-0.12672369,1
1.1072819,-0.18527256,1
1.2002883,-0.08867266,1
1.1744083,-0.37339643,1
1.0482899,-0.28859714,1
1.1706765,-0.39565834,1
1.3015494,-0.1201609,1
1.0328752,-0.43075967,1
1.1101882,-0.2460127,1
1.2546719,-0.29347116,1
1.1017498,-0.41445744,1
1.1093631,-0.24682386,1
1.1458788,-0.54117477,1
1.1390315,-0.4665822,1
1.0339367,-0.47265306,1
0.978472,-0.6743623,1
1.0122854,-0.4952858,1
1.0381918,-0.6004348,1
0.83709186,-0.5029755,1
0.66644925,-0.45417774,1
0.7515135,-0.5180922,1
0.71402156,-0.30683312,1
0.7079424,-0.6532818,1
0.3984473,-0.3808272,1
0.46454802,-0.52521205,1
0.3686512,-0.34321803,1
0.20520458,-0.42693356,1
0.3081799,-0.5851419,1
0.34581697,-0.47797596,1
0.19259803,-0.27367526,1
0.29675186,-0.14258324,1
0.015856631,-0.1729995,1
0.28123727,-0.12526396,1
0.0692105,-0.08796384,1
-0.03449955,-0.13645566,1
-0.17094596,-0.09484376,1
-0.1548432,-0.00016262359,1
-0.113028124,-0.21447134,1
-0.26630753,-0.044187773,1
-0.09932818,-0.0248201,1
-0.31318963,-0.014856575,1
-0.3568301,-0.043234777,1
-0.19307935,0.1327571,1
-0.6052801,0.13506907,1
-0.4618682,0.22358584,1
-0.49644613,0.13877362,1
-0.51240563,0.41108903,1
-0.34201765,0.3768893,1
-0.47048703,0.24462056,1
-0.5883978,0.53994954,1
-0.5636594,0.40322933,1
-0.48280448,0.32918036,1
-0.43336153,0.51285934,1
-0.68224716,0.5061735,1
-0.48294672,0.44074747,1
-0.64028704,0.36200565,1
-0.6349385,0.49719882,1
-0.53954595,0.3670441,1
-0.4425066,0.38474554,1
-0.33599573,0.3819,1
-0.2839357,0.44754538,1
-0.35258982,0.47840196,1
-0.3195078,0.58192736,1
4.3106675,-2.5666354,1
-0.28627422,0.5075212,1
-0.17864816,0.37288627,1
-0.16914323,0.41737124,1
-0.109353825,0.4572151,1
-0.22506641,0.30710173,1
-0.0067538484,0.36998942,1
0.037525456,0.39392823,1
-0.10678978,0.14716972,1
0.034202106,0.23172627,1
0.18538347,0.19791687,1
0.28838858,-0.03253973,1
0.4023945,0.07509729,1
0.47766244,-0.012872078,1
0.44374767,0.099693015,1
0.6696643,0.063217446,1
0.8257025,-0.03215984,1
0.8303862,-0.15461169,1
0.9368995,-0.26506814,1
1.1151515,-0.22341321,1
0.99406457,-0.28778175,1
1.0276245,-0.24834219,1
1.1181172,-0.27667823,1
0.9818188,-0.33582887,1
1.1823385,-0.40659007,1
1.1005782,-0.15334146,1
1.363364,-0.41664743,1
1.4023898,-0.45937982,1
1.6897491,-0.6131436,1
1.5992235,-0.33990163,1
1.458149,-0.38582948,1
1.5858037,-0.33762604,1
1.6841693,-0.60179895,1
1.621826,-0.6507313,1
1.7289157,-0.52587706,1
1.7532712,-0.49873805,1
1.6996148,-0.62809825,1
1.6166699,-0.5491657,1
1.7750255,-0.48967332,1
1.8357121,-0.54228824,1
5.970768,-3.788269,1
1.7283174,-0.46295908,1
1.6608423,-0.50040597,1
1.6674283,-0.220149,1
1.7794845,-0.51055384,1
1.8652706,-0.22410251,1
1.8480749,-0.456571,1
1.7499018,-0.3246706,1
1.6142446,-0.13580117,1
1.6649652,-0.3707695,1
1.4673706,-0.14971018,1
1.5617598,-0.13376889,1
1.8077397,-0.07941798,1
1.3755798,-0.14906177,1
1.4448206,-0.084653445,1
1.3771697,-0.007078832,1
1.2742993,0.34270287,1
1.2282403,0.039517906,1
1.1709286,0.23626997,1
1.1928529,0.17713007,1
1.2154055,0.2181108,1
1.1293615,0.37734112,1
1.0835308,0.29570982,1
0.9277894,0.1434315,1
0.9799529,0.22988065,1
0.75462383,0.47143912,1
0.8287076,0.42044273,1
0.71696585,0.5039506,1
0.6641121,0.1552289,1
0.5794022,0.5974149,1
0.48564354,0.48073617,1
0.48238692,0.5149279,1
0.39664942,0.6430126,1
0.5361619,0.48011613,1
0.39577076,0.62280446,1
0.36269057,0.45978996,1
0.14859895,0.45533893,1
0.37627283,0.42446783,1
0.20587508,0.45451745,1
0.3420232,0.47198257,1
0.20237885,0.5010084,1
0.2236789,0.4739621,1
0.2047641,0.29640532,1
0.07588194,0.3609411,1
0.062581666,0.38878787,1
0.23117706,0.26816925,1
0.0695128,0.46710962,1
0.20420665,0.3737668,1
0.047725793,0.18301174,1
0.06465045,0.3992732,1
0.019785948,0.17875431,1
-0.026465636,0.32101756,1
-0.09400771,0.25610656,1
0.09664828,0.07363448,1
0.1765721,0.13713594,1
-0.069216,0.046394896,1
0.2060557,-0.12046565,1
0.22290306,0.038415007,1
0.26868114,-0.18975003,1
0.35429734,-0.14913265,1
0.4950459,-0.4172814,1
0.37137714,-0.12058349,1
0.32139528,-0.26489887,1
0.64157015,-0.3120068,1
0.6338491,-0.32853037,1
0.6254944,-0.36959404,1
0.56974,-0.47674125,1
0.60376114,-0.25628635,1
0.6430693,-0.64552075,1
0.93764484,-0.45912805,1
0.89763045,-0.41309282,1
0.8146331,-0.4058407,1
1.1373264,-0.5576853,1
0.9520687,-0.47640446,1
1.0490636,-0.5240288,1
1.2938255,-0.49218157,1
1.3422914,-0.40002614,1
1.4092213,-0.5861724,1
1.4452902,-0.22998747,1
1.4575905,-0.32061872,1
1.5144459,-0.46595255,1
1.5171086,-0.4155925,1
1.5596774,-0.32497656,1
1.7733631,-0.17544818,1
1.7720207,-0.2747441,1
1.60864,-0.387892,1
1.9057732,-0.5401259,1
2.0018313,-0.18800679,1
1.8759922,-0.261539,1
1.9607435,-0.15207015,1
2.065996,-0.36158448,1
2.2542226,-0.10855725,1
2.1247027,-0.27439088,1
2.2072964,0.04012403,1
2.248933,-0.107795976,1
2.2329247,-0.061605457,1
2.5181491,0.1654022,1
2.3516903,0.0128692435,1
2.1950836,0.11833851,1
2.490587,0.173956,1
2.2829134,0.13109009,1
2.3352246,0.30499688,1
2.4133868,0.3652368,1
2.359479,0.49888176,1
2.4675016,0.41778615,1
2.2791505,0.435082,1
2.1982458,0.27598834,1
2.2149363,0.4107861,1
2.1153142,0.3763405,1
2.1835783,0.42458326,1
2.1725514,0.5946448,1
2.291546,0.54365426,1
2.2636905,0.53572947,1
2.1094267,0.46437386,1
2.0922604,0.44305116,1
2.0371943,0.34132174,1
2.0826566,0.40101466,1
1.8194283,0.5731296,1
1.7680619,0.5736793,1
1.8701444,0.4161079,1
1.6525016,0.5413696,1
1.6014754,0.5669077,1
1.5702722,0.36723897,1
1.4561696,0.21448435,1
1.4785448,0.5520258,1
1.3535337,0.28734335,1
1.3706387,0.3893345,1
1.5816498,0.14229141,1
1.3230566,0.1780123,1
1.3014463,0.32444367,1
1.2996163,0.29308775,1
1.1103866,0.17957096,1
1.1417133,0.039022613,1
1.1972904,0.27032825,1
1.1711062,-0.0954005,1
0.91241616,0.12561646,1
0.95914286,0.003934315,1
0.86862403,0.05718682,1
0.76518255,-0.14436823,1
0.8280158,-0.18057846,1
0.8156177,-0.14939193,1
0.9484083,-0.015545022,1
0.6685725,-0.31182075,1
0.66195637,-0.24012509,1
0.6718228,-0.09865937,1
0.73291415,-0.27227926,1
0.5647539,-0.37026003,1
0.6408492,-0.43795097,1
0.59470385,-0.6026848,1
0.55749124,-0.41942784,1
0.82277924,-0.55190307,1
0.65758914,-0.31381303,1
0.6884129,-0.59605765,1
0.6833494,-0.58484036,1
0.908152,-0.44975415,1
0.73956984,-0.47146258,1
0.6172985,-0.69050443,1
0.8324678,-0.5703414,1
0.97540027,-0.39742774,1
0.85981977,-0.46194473,1
0.97399384,-0.45859662,1
1.0408967,-0.552384,1
0.8366673,-0.4403896,1
1.0707749,-0.23601745,1
1.0946997,-0.47654513,1
1.3382868,-0.5140109,1
0.97090805,-0.27255228,1
1.4984456,-0.3233325,1
1.3529688,-0.22277078,1
1.4028771,-0.31413552,1
1.174145,-0.21227379,1
1.3179822,-0.18816806,1
1.4730364,-0.09460242,1
1.5638417,-0.28919807,1
1.8777184,0.11531181,1
1.7111104,0.062361818,1
1.8913141,0.15772526,1
1.9290917,0.23772159,1
1.8644297,0.21223176,1
1.8967297,0.15603206,1
2.177351,0.114369944,1
2.2127113,0.1177814,1
2.1576927,0.25985882,1
2.394829,0.23372269,1
2.3351061,0.2918674,1
2.5084054,0.17928255,1
2.467057,0.47854105,1
2.593631,0.5650281,1
2.5233288,0.26703194,1
2.7495697,0.32051483,1
2.6539488,0.41161308,1
2.7698636,0.39818707,1
2.7485063,0.26037514,1
2.7753644,0.3297811,1
2.951545,0.22921996,1
2.7891228,0.33098704,1
2.9137678,0.39450663,1
2.8555837,0.40826192,1
3.0051212,0.27396935,1
3.0855112,0.07380481,1
2.901267,0.3915853,1
3.0811193,0.2967933,1
2.8397596,0.21683908,1
2.8418536,0.26989117,1
2.9419296,-0.013824178,1
2.957902,0.13901058,1
2.9598107,0.17479242,1
2.8329532,0.25844365,1
2.814381,-0.018775877,1
3.0065672,0.18139592,1
2.8439722,0.0015801691,1
2.8034406,0.007897115,1
2.6228535,0.031883396,1
2.5275483,-0.10122872,1
2.4862263,-0.33125407,1
2.5217497,-0.23424599,1
2.5215607,-0.24285288,1
2.4987028,-0.2891553,1
2.4466517,-0.40796188,1
2.453003,-0.37590507,1
2.549029,-0.40605354,1
2.3333359,-0.51797605,1
2.102066,-0.6450619,1
2.3866243,-0.639057,1
2.1333394,-0.6345728,1
2.3501997,-0.607403,1
2.0937433,-0.67247206,1
1.951803,-0.8289433,1
1.8482678,-0.6269736,1
1.8604462,-0.69830245,1
2.0232344,-0.80885214,1
1.6892902,-0.7273235,1
1.7308584,-0.8363893,1
1.6733536,-0.88121206,1
1.7020614,-0.7949398,1
1.7895879,-0.728185,1
1.5384171,-0.95483464,1
1.3688015,-0.9548243,1
1.3339998,-0.9150082,1
1.3465306,-0.9966794,1
1.4947824,-0.983067,1
1.1533974,-0.699045,1
1.3322521,-0.9150745,1
1.1561881,-1.0414066,1
1.2024871,-1.0105625,1
1.324769,-0.76173496,1
1.4001663,-0.85600805,1
1.2196168,-0.67222613,1
1.1821758,-0.66244274,1
1.1907328,-0.5730873,1
1.2394468,-0.6617439,1
1.2891611,-0.62904024,1
1.1281056,-0.62690085,1
1.3278196,-0.5739359,1
1.4876039,-0.60697514,1
1.2370492,-0.5528067,1
1.2385057,-0.5254619,1
1.431755,-0.47826725,1
1.4269444,-0.3279564,1
1.3303729,-0.4366569,1
1.5297586,-0.41776404,1
1.4896299,-0.32227457,1
1.6711648,-0.20589802,1
1.6173865,-0.12712,1
1.7448051,-0.4599535,1
1.7790831,-0.22609888,1
1.9050082,-0.116040625,1
1.9625635,-0.17113276,1
1.7341373,0.057672795,1
2.0293212,-0.10993845,1
2.1659286,-0.21589164,1
2.3789747,-0.029806826,1
2.1926131,-0.15092763,1
2.4225388,-0.29815996,1
2.0814402,-0.12982917,1
2.5079408,-0.11994593,1
2.3426907,-0.06524378,1
2.6355035,-0.16659889,1
2.5874493,-0.24259175,1
2.7689016,-0.31444913,1
2.7382185,-0.27049968,1
2.7532449,-0.25788066,1
3.1455703,-0.27309674,1
2.8888218,-0.3237931,1
2.7770371,-0.25713068,1
3.0198796,-0.4866196,1
3.0770042,-0.36109427,1
3.0605502,-0.43421224,1
3.0756927,-0.43273953,1
3.2771347,-0.4704907,1
3.2373688,-0.6197102,1
3.4231107,-0.64323753,1
3.282094,-0.42957747,1
3.5490048,-0.6607866,1
3.4018815,-0.64588594,1
3.5837784,-0.79951847,1
3.5846994,-0.8351934,1
3.5497248,-0.915151,1
3.4979172,-0.835012,1
3.3971646,-0.8573852,1
3.5074573,-1.1281568,1
3.561234,-0.902124,1
3.572351,-1.0354325,1
3.5760915,-1.1270977,1
3.4821014,-1.0244445,1
3.3865242,-1.0072023,1
3.4273481,-1.2737418,1
3.5513756,-1.2791749,1
3.545746,-1.2282593,1
3.4370546,-1.1783315,1
3.5827026,-1.5294108,1
3.3888335,-1.2854662,1
3.5345025,-1.4229106,1
3.4158354,-1.3286908,1
3.3485656,-1.2108991,1
3.200807,-1.4140737,1
3.116805,-1.4304119,1
3.140733,-1.3605086,1
3.0941234,-1.3833029,1
2.8561747,-1.2799222,1
2.941817,-1.3296736,1
2.7900014,-1.3560449,1
2.7965739,-1.467401,1
2.756174,-1.3117685,1
2.7981753,-1.2816032,1
2.6606016,-1.4059254,1
2.741575,-1.3282027,1
2.6229305,-1.1582017,1
2.6984568,-1.2665327,1
2.3420634,-1.3812858,1
2.5107555,-1.0495803,1
2.2013402,-1.1263871,1
2.2879581,-1.1219867,1
2.1932845,-1.069779,1
2.3113697,-1.0481523,1
2.2420628,-1.0308794,1
1.9772916,-0.7111017,1
1.8859248,-1.0531437,1
2.003494,-0.92073005,1
1.9855111,-1.0640715,1
1.9411303,-0.926509,1
1.8778955,-0.84763515,1
2.2083168,-0.96606934,1
1.9295382,-0.67862016,1
1.8894573,-0.7934066,1
2.0515213,-0.5941989,1
1.9186206,-0.6469291,1
1.9422429,-0.5818143,1
1.8853097,-0.6645354,1
1.7929664,-0.86149234,1
1.5889438,-0.5524161,1
2.0309289,-0.82348734,1
1.9683154,-0.49602753,1
1.8915045,-0.5869384,1
2.0959182,-0.7252206,1
1.9878203,-0.6983606,1
2.0308502,-0.66408855,1
2.0645106,-0.56707513,1
2.2635853,-0.7096237,1
2.0169375,-0.5638714,1
2.1610944,-0.80576724,1
2.249198,-0.7060079,1
2.1645887,-0.8652549,1
2.3566022,-0.8524106,1
2.4925883,-0.7385714,1
2.2424738,-0.80856055,1
2.3732276,-0.7038915,1
2.6344025,-0.9581335,1
2.424527,-0.87899,1
2.4699724,-0.97809905,1
2.678001,-1.0421636,1
2.7521925,-1.1298469,1
2.9029992,-0.9560772,1
2.972372,-1.2116064,1
2.9794993,-1.3255838,1
-0.16489959,-1.3546864,1
-0.017518621,-1.2940392,1
0.045452647,-1.5246086,1
0.3107305,-1.55192,1
0.15302077,-1.5206324,1
0.4183119,-1.4508176,1
0.38923252,-1.6554525,1
0.4284047,-1.6123527,1
0.3621669,-1.544536,1
0.6184457,-1.6757145,1
0.7380991,-1.682822,1
0.4294309,-1.7316902,1
0.61554736,-1.5113393,1
0.8044383,-1.7830089,1
0.93796283,-1.7146177,1
0.9192051,-1.719622,1
0.7396975,-1.7006247,1
0.9214691,-1.8098763,1
0.9492269,-1.6777037,1
0.90281594,-1.7869682,1
1.0508292,-1.807775,1
1.1092832,-1.8053032,1
1.0295603,-1.8173048,1
1.0362467,-1.9170862,1
1.1328444,-2.164682,1
1.1501613,-1.7899923,1
0.8238136,-1.8200697,1
1.0875784,-1.9317418,1
1.0231988,-1.7760031,1
0.84037596,-1.7089556,1
1.007699,-1.7927134,1
0.99486893,-1.6036338,1
0.7275342,-1.593293,1
0.95205444,-1.6965849,1
0.87727433,-1.5270427,1
0.81917804,-1.4969746,1
0.7337325,-1.599303,1
0.84888905,-1.5456914,1
0.653706,-1.6645951,1
5.7403636,-4.652283,1
0.58159226,-1.596452,1
0.6094624,-1.4081702,1
0.41326153,-1.412388,1
0.49981263,-1.318766,1
0.4853502,-1.3417122,1
0.30614012,-1.1664796,1
0.13349351,-1.2326016,1
0.21549343,-1.4147754,1
0.22712415,-1.303373,1
0.056035683,-1.2612692,1
-0.14974745,-1.2570081,1
0.09849253,-1.1241604,1
-0.15674861,-1.3169911,1
-0.16131906,-1.0253973,1
-0.23232754,-1.0725402,1
-0.37716264,-0.9230647,1
-0.2454185,-1.2065521,1
-0.36296105,-1.1277038,1
3.3085291,-3.7221625,1
-0.45408487,-1.1441554,1
-0.6869159,-0.9708947,1
-0.4981536,-1.177952,1
-0.74105495,-0.973885,1
-0.66345686,-1.3121668,1
-0.9375667,-1.3163613,1
-0.8692577,-1.2578847,1
-0.76814294,-1.1794397,1
-0.8262773,-1.2972589,1
-0.7519347,-1.3132865,1
-0.8372335,-1.4883904,1
3.0387297,-5.0294113,1
-0.9939917,-1.3529627,1
-1.0693843,-1.3881375,1
-0.9971805,-1.3596132,1
-0.9814775,-1.5021253,1
-1.1226298,-1.4857583,1
-1.0058968,-1.7965356,1
-0.96449006,-1.3860166,1
-0.98776686,-1.535645,1
-0.9573464,-1.7949947,1
-1.0664704,-1.8896233,1
-0.94724053,-1.7278938,1
-0.8586305,-1.7138524,1
-0.8859209,-1.8941123,1
-0.81430393,-1.9187233,1
-0.60281795,-2.0210009,1
-0.6533648,-1.9991928,1
-0.70769626,-2.1564,1
-0.8336308,-2.251387,1
-0.70253223,-2.2023103,1
-0.7016922,-2.2166173,1
-0.5797324,-2.1569138,1
-0.47058284,-2.0843425,1
-0.4882704,-2.4052405,1
-0.3281785,-2.2183428,1
-0.21450648,-2.4185035,1
-0.19999759,-2.3998363,1
-0.22876546,-2.2675683,1
-0.038496714,-2.4668732,1
-0.11852291,-2.2770517,1
0.041997794,-2.2857966,1
-0.0414397,-2.4019215,1
0.16832654,-2.6131046,1
0.18045305,-2.2275498,1
0.33040622,-2.4565613,1
0.3078181,-2.1887825,1
0.41824028,-2.4705405,1
0.28541708,-2.1854944,1
0.5213356,-2.1984518,1
0.6117546,-2.2128987,1
0.517078,-2.3093865,1
0.7180432,-2.2373705,1
0.8095876,-2.161296,1
0.9002909,-2.2897632,1
0.87755364,-2.0819147,1
0.7191869,-2.2499685,1
0.7213711,-2.267579,1
0.7411065,-1.9537761,1
0.98702866,-2.1154938,1
0.8107423,-2.1264598,1
0.7651626,-2.091301,1
0.87194973,-1.8861,1
0.98674166,-2.01653,1
0.8213588,-1.8447212,1
1.144674,-1.9840374,1
1.0296867,-1.8322287,1
1.121217,-1.844621,1
1.1297332,-1.6596735,1
0.9452936,-1.7656087,1
1.0015984,-1.6605026,1
0.97549975,-1.7132885,1
0.8598061,-1.6154029,1
1.055841,-1.6161308,1
1.0151631,-1.6458989,1
0.8131244,-1.8024391,1
0.72804993,-1.6127197,1
0.622459,-1.6130617,1
0.76675856,-1.4462987,1
0.64315367,-1.4751787,1
0.45855558,-1.5945085,1
0.7139325,-1.4809144,1
0.66263825,-1.4556044,1
0.54838926,-1.679043,1
0.5679304,-1.5572517,1
0.34595948,-1.7076269,1
0.13144785,-1.8403159,1
0.27376923,-1.9507691,1
0.083004005,-1.8366959,1
0.05786412,-1.813684,1
-0.11157863,-1.8212326,1
-0.08563239,-1.5800846,1
-0.047228303,-1.8446902,1
-0.16071713,-1.8401283,1
-0.19505402,-1.9654614,1
-0.24243866,-1.9755977,1
-0.18772897,-2.0921984,1
-0.2970694,-2.185439,1
-0.28848973,-1.9578387,1
3.0875258,-5.410519,1
-0.6701614,-2.1120312,1
-0.42702782,-2.412364,1
-0.73631203,-2.371947,1
-0.8040774,-2.5738907,1
-0.8504992,-2.358426,1
-0.80210656,-2.6632798,1
-0.70924085,-2.4223247,1
-1.0555953,-2.5012326,1
-0.7639337,-2.4722228,1
-1.0143698,-2.6410406,1
-0.7921684,-2.75284,1
-1.1347786,-2.4888012,1
-0.89689094,-2.647685,1
-0.8554204,-2.8490582,1
-0.9750923,-2.9285612,1
-0.8702239,-2.935421,1
-0.80585355,-2.8695242,1
-1.0101007,-2.8729568,1
-1.0382502,-2.793906,1
-1.0458184,-2.8006516,1
-0.8916954,-2.800371,1
-0.98401904,-2.7897718,1
-1.0491253,-2.9494686,1
-0.7979512,-2.9297612,1
-1.008348,-2.840692,1
-0.8960975,-2.7954354,1
-0.74601895,-2.9553585,1
-0.56307113,-2.7905254,1
-0.731882,-2.8725219,1
-0.81771976,-2.9063208,1
-0.56992495,-2.6918795,1
-0.58140504,-2.7803051,1
-0.57470155,-2.8394933,1
-0.5009487,-2.8453946,1
-0.4747124,-2.6891534,1
-0.24473342,-2.7814252,1
-0.3300504,-2.5328462,1
-0.16383399,-2.6538773,1
-0.28034964,-2.7300162,1
-0.055857286,-2.4973605,1
0.029451506,-2.5439866,1
0.08715331,-0.12212886,0
0.033971775,-0.06837725,0
0.19745247,0.101524785,0
0.2479028,0.19635153,0
0.13574435,0.2134299,0
0.39747778,0.24603954,0
0.33723882,0.2099615,0
0.2731719,0.24406753,0
0.25112295,0.30796993,0
0.4260846,0.4604339,0
0.655962,0.38860634,0
0.58342946,0.48037103,0
0.6731314,0.4193568,0
0.7066325,0.47731423,0
0.8667812,0.3914724,0
0.6534676,0.41867957,0
0.7976523,0.49139944,0
0.99097025,0.5264884,0
0.8597282,0.7378407,0
0.8060184,0.6212219,0
0.814937,0.5166911,0
0.86538154,0.6845748,0
0.9184945,0.5747478,0
0.93105847,0.5884056,0
0.92518353,0.6023213,0
0.86551154,0.7471728,0
0.9998677,0.51144063,0
1.0638652,0.3405864,0
0.90617716,0.3313452,0
0.9595933,0.32221964,0
0.76664466,0.48089066,0
1.055074,0.3973833,0
0.65275216,0.3357665,0
0.79653543,0.2223723,0
0.8128705,0.091198936,0
0.9076543,0.15686484,0
0.69130224,0.06989925,0
0.90430605,0.14572358,0
0.70716614,0.06818447,0
0.5874114,-0.07909264,0
0.6135491,0.13000464,0
0.5197022,-0.05063415,0
0.46195439,-0.1303556,0
0.4574192,-0.02465271,0
0.30670595,-0.040515684,0
0.23729692,-0.101855814,0
0.24771562,-0.28127834,0
0.43295375,-0.33581242,0
0.16323218,-0.16541457,0
0.093851626,-0.3667614,0
0.03115837,-0.3592198,0
0.14264116,-0.20443335,0
-0.066265166,-0.41487253,0
-0.19961342,-0.36044395,0
-0.3230217,-0.45770338,0
-0.14666729,-0.39870578,0
-0.36962324,-0.50985646,0
-0.35672382,-0.48107055,0
-0.5658035,-0.67636865,0
-0.5731209,-0.31389403,0
-0.4356122,-0.39043096,0
-0.60315025,-0.6448033,0
-0.5954441,-0.5753447,0
-0.8795138,-0.46098036,0
-0.67151785,-0.7368746,0
-0.8751703,-0.63406533,0
-0.88115424,-0.39354333,0
-0.91310096,-0.3711635,0
-0.86568964,-0.4713966,0
-0.98071504,-0.32687557,0
-1.081502,-0.22579235,0
-0.86683613,-0.2736533,0
-1.030078,-0.44257984,0
-1.145646,-0.11193912,0
-0.72188497,-0.20031574,0
-1.0414835,-0.24952312,0
-1.200265,-0.18559249,0
-1.0479783,-0.027019177,0
-0.96748585,-0.044814378,0
-0.9534853,-0.07771494,0
-0.9980669,0.04558509,0
-0.8167996,0.021176066,0
-0.77567065,0.12533517,0
-1.0361431,0.110874556,0
-0.8103307,-0.00406782,0
-0.8198982,0.21209621,0
-0.74598336,0.32404786,0
-0.67342174,0.41578844,0
-0.78859025,0.3845642,0
-0.70540464,0.30808496,0
-0.49903655,0.37748405,0
-0.5337164,0.4472296,0
-0.5656163,0.3369688,0
-0.19268632,0.3351917,0
-0.43714163,0.416752,0
-0.4353876,0.47438323,0
-0.2271263,0.38216838,0
-0.37108812,0.5387796,0
-0.27874908,0.73122376,0
0.061368205,0.38121328,0
0.005013661,0.5267028,0
0.0002801721,0.5885551,0
0.28227997,0.39666125,0
0.23608129,0.43096888,0
0.38467687,0.49149737,0
0.2603551,0.40030444,0
0.29061928,0.56617695,0
0.39188546,0.27631634,0
0.3834977,0.35623893,0
0.4170576,0.35285735,0
0.57714707,0.25529587,0
0.6172607,0.34884536,0
0.57269,0.079885386,0
0.6649597,0.29997602,0
0.83460087,0.2119006,0
0.8093275,0.27386275,0
0.9176187,0.26117548,0
0.78661644,0.29798123,0
0.7844665,0.19864403,0
0.98937064,0.03740755,0
0.8954939,0.1170611,0
0.8919573,0.12612747,0
0.9911022,0.0077072293,0
1.0680104,-0.060429975,0
0.9082963,-0.08719584,0
1.0939784,-0.28043693,0
1.1676705,-0.111370414,0
1.000144,-0.17565827,0
1.1398408,-0.1863612,0
0.80095726,-0.16961627,0
6.7942843,-3.425652,1
0.9247484,-0.19764699,0
0.9184885,-0.59817827,0
0.8337844,-0.2683016,0
1.067469,-0.5206688,0
0.90373254,-0.5525964,0
0.6209837,-0.4587919,0
0.85875064,-0.5229965,0
6.7404375,-4.884709,1
0.6925776,-0.43023118,0
0.5414815,-0.47624522,0
0.37936503,-0.4561011,0
0.63715017,-0.50940305,0
0.39215326,-0.7298254,0
0.5683685,-0.448536,0
0.49870783,-0.47798386,0
0.36110637,-0.4953344,0
0.15625249,-0.5262362,0
0.34558102,-0.4405993,0
0.13684529,-0.2419539,0
-0.14452326,-0.23437537,0
-0.01043787,-0.23767796,0
0.0002816914,-0.49505576,0
-0.27236807,-0.25084078,0
-0.21042585,-0.15820101,0
-0.4114952,-0.09693408,0
-0.2718756,-0.17941183,0
-0.5090086,-0.022333197,0
-0.5363504,0.052109517,0
-0.47920513,0.042934775,0
-0.63586265,-0.093264446,0
-0.61219954,0.058068875,0
-0.712496,-0.012335237,0
-0.61319655,0.051373135,0
-0.6793542,0.040044215,0
-0.9513984,0.07016465,0
-0.90107167,0.2462194,0
-1.0046028,0.2703857,0
-1.0196595,0.19342238,0
-0.9639707,0.36805075,0
-0.95139515,0.41381955,0
-0.86219305,0.376983,0
-1.0745482,0.5582703,0
-0.9444927,0.5285598,0
-0.9713347,0.51275545,0
-1.0690967,0.4703718,0
-0.98704,0.4319758,0
-0.9738028,0.4714968,0
-1.0263715,0.5211278,0
-1.0015632,0.3240627,0
-0.9553074,0.69571304,0
-0.87681663,0.5740065,0
-0.8076087,0.4581592,0
-0.740737,0.46646586,0
-0.9819991,0.43965662,0
-0.8445208,0.6269115,0
-0.67854714,0.3821229,0
-0.67787504,0.41899416,0
-0.6869705,0.33900422,0
-0.44571364,0.3141973,0
-0.63505423,0.5366511,0
-0.29875323,0.256747,0
-0.27971318,0.4017525,0
-0.3808401,0.19369149,0
-0.32106128,0.04168471,0
-0.27637824,0.22766852,0
-0.3191343,0.2679216,0
-0.13299404,0.103799395,0
-0.2631878,0.104445785,0
-0.22761498,0.0006785067,0
-0.09989026,0.041262638,0
0.27439854,-0.105321705,0
6.070221,-4.3678365,1
0.22447836,0.13837339,0
0.23004442,-0.46430537,0
0.45661417,-0.22922851,0
0.52457404,-0.07563667,0
0.3702054,-0.32712433,0
0.4770799,-0.3189763,0
0.43182063,-0.36118114,0
0.72496283,-0.23713952,0
0.76030046,-0.33192363,0
0.6039367,-0.4979931,0
0.6195545,-0.26905078,0
1.0366654,-0.38146058,0
0.85492253,-0.46605262,0
0.7042674,-0.30775815,0
0.8095942,-0.51419264,0
0.77565527,-0.3919767,0
1.0204006,-0.6190731,0
0.73669964,-0.48488185,0
0.8506977,-0.3184775,0
1.1235101,-0.24721782,0
0.9670482,-0.43234605,0
0.8879041,-0.73975945,0
0.78267086,-0.26398003,0
0.9382758,-0.40178072,0
1.0116594,-0.57242507,0
1.1310385,-0.3749958,0
0.9568689,-0.27250046,0
0.8325054,-0.33207792,0
0.9671615,-0.2653531,0
0.8982366,-0.45166188,0
0.73968685,-0.15922344,0
0.891048,-0.3334993,0
0.9577282,-0.12175714,0
0.7820966,-0.077977315,0
0.6798107,0.047207862,0
0.49423274,-0.25772676,0
0.561263,-0.05162935,0
0.68248916,-0.13283598,0
0.38560978,0.019378917,0
0.5184336,0.014224274,0
0.31467918,0.23516206,0
0.23838055,0.04735218,0
0.11009918,0.11692961,0
0.28444597,0.17125763,0
0.29047316,0.44558284,0
0.065848894,0.06597777,0
-0.02145221,0.30205005,0
-0.09295811,0.29565445,0
-0.07655244,0.21342045,0
-0.046667997,0.38986334,0
-0.1507633,0.5377341,0
-0.1620386,0.48085886,0
-0.30937672,0.5807031,0
-0.36359337,0.6497885,0
-0.5577233,0.5373668,0
-0.54836905,0.61770195,0
-0.44983438,0.57821393,0
-0.6999727,0.6073578,0
-0.64390737,0.46252134,0
-0.7294145,0.3436046,0
-0.48592842,0.53907293,0
-0.837816,0.537744,0
-0.7940675,0.43502498,0
-0.8452952,0.34351656,0
-0.85965776,0.37276787,0
-0.91346604,0.21712404,0
-0.92937946,0.3877125,0
4.5203786,-2.9838364,1
-0.94823754,0.49877155,0
-0.86540765,0.24126258,0
-0.95791584,0.2625615,0
-1.184882,0.16761425,0
-0.9070558,0.15730946,0
-0.9858029,0.15530264,0
-0.99206525,0.08776833,0
-1.0319574,0.13603872,0
-0.93629575,0.08104373,0
-1.0638807,0.036244135,0
-0.8002581,0.032853194,0
-1.0413358,-0.0893685,0
-0.74552333,-0.28470793,0
-0.80333227,-0.08949529,0
-0.74456704,-0.2455589,0
-0.7968419,-0.2479968,0
-0.7968567,-0.2553716,0
-0.6577307,-0.25793687,0
-0.5470363,-0.29493836,0
-0.67798036,-0.2644405,0
-0.44825965,-0.62829953,0
-0.5258657,-0.2876506,0
-0.49282786,-0.22431783,0
-0.39153588,-0.42337096,0
-0.18488102,-0.47980127,0
-0.29211625,-0.30501044,0
-0.18578777,-0.4429223,0
-0.116230115,-0.33618307,0
-0.0294308,-0.45993778,0
0.07338648,-0.56224746,0
0.12663187,-0.5148055,0
0.27056262,-0.3573764,0
0.21188049,-0.316669,0
0.316725,-0.31920072,0
0.29563648,-0.4220027,0
0.25550443,-0.37611195,0
0.4688377,-0.54866344,0
0.52427894,-0.32297248,0
0.5691465,-0.3662014,0
0.5198014,-0.31546414,0
0.5735938,-0.37168857,0
0.6924781,-0.4503697,0
0.67107767,-0.25066715,0
0.93832475,-0.33327478,0
0.8674489,-0.10940842,0
0.7511363,-0.04642983,0
0.8140162,-0.08713693,0
0.7838181,-0.113713816,0
0.91046274,0.09474125,0
1.1197329,-0.020564562,0
1.0802047,0.0059307786,0
0.9225866,0.058692988,0
0.97082585,0.17971127,0
1.0251473,0.17767945,0
0.9803378,0.19818543,0
0.8313249,0.19124286,0
0.9239455,0.40759268,0
1.1167428,0.23535973,0
0.8352928,0.49036226,0
0.97384083,0.2199285,0
0.785916,0.3035447,0
0.93936086,0.48472726,0
0.86522466,0.5111043,0
0.9446044,0.60273504,0
0.7517168,0.6789584,0
0.9480446,0.48218122,0
0.8051395,0.6280484,0
0.8562358,0.56311035,0
0.6488146,0.43555483,0
0.60153985,0.423649,0
0.5008663,0.43561032,0
0.28725415,0.55294555,0
0.44384584,0.40084898,0
0.2700583,0.6255437,0
0.29652035,0.6410137,0
0.042912375,0.43655297,0
0.03672639,0.20962429,0
0.20385994,0.25162444,0
0.029209275,0.36005467,0
-0.09809487,0.28212705,0
-0.03200752,0.5223942,0
-0.1491669,0.24397789,0
-0.11369188,0.28289413,0
-0.18068764,0.31898123,0
-0.17729889,0.25542507,0
-0.35717592,0.09260567,0
-0.3111371,0.06512336,0
-0.41703457,0.026182933,0
-0.41003063,0.10121308,0
-0.5847127,0.16242449,0
-0.58486795,0.013063677,0
-0.8876109,-0.09206719,0
-0.69909066,-0.06237603,0
-0.8747328,-0.10637488,0
-0.8201372,-0.22706234,0
-0.6553611,-0.083586946,0
-1.1931347,-0.27015802,0
-0.90636206,-0.4539378,0
-0.9035493,-0.24436027,0
-1.0875928,-0.38202673,0
-0.9058192,-0.27647474,0
-0.81295276,-0.38995293,0
-1.1435294,-0.2801492,0
-0.96784526,-0.34056383,0
-0.98583794,-0.40355438,0
-0.8815137,-0.40192673,0
-0.943986,-0.5171077,0
-1.0800643,-0.5777878,0
-1.0306473,-0.47052276,0
-0.8577361,-0.5759677,0
-0.8796343,-0.5711183,0
-1.1276302,-0.42838567,0
-1.0005189,-0.5757759,0
-0.73995703,-0.46969792,0
-0.863985,-0.451656,0
-0.8482077,-0.33536303,0
-0.79846185,-0.61746293,0
-0.74428695,-0.4504453,0
-0.6458917,-0.31540886,0
-0.49619237,-0.54705626,0
-0.63513035,-0.23953891,0
-0.3909821,-0.16838628,0
-0.40068543,-0.1777904,0
-0.31967905,-0.09034815,0
-0.47747463,-0.1905709,0
-0.2517955,-0.17136087,0
-0.25746337,-0.101512015,0
-0.21953373,-0.18923825,0
-0.05829426,-0.10049934,0
-0.00051450246,-0.034470372,0
-0.002373709,0.072744004,0
0.06593061,-0.08245231,0
0.13021694,0.003652803,0
0.36338586,0.08196183,0
0.37219015,0.19154796,0
0.31959757,0.21889995,0
0.641699,0.2172592,0
0.5228394,0.3700572,0
0.6134185,0.243658,0
0.5868991,0.40674505,0
0.592241,0.3305882,0
0.47083607,0.46106595,0
0.77528244,0.58233184,0
0.8503909,0.53169763,0
0.7754398,0.4349957,0
0.9271739,0.36777484,0
0.74182534,0.47719467,0
4.922659,-2.240815,1
0.8141329,0.49857467,0
0.8848728,0.56667405,0
1.1768789,0.4547352,0
1.0013357,0.53593725,0
0.92083293,0.45478904,0
1.0811644,0.43253368,0
1.0384408,0.44982088,0
1.0479126,0.5129947,0
1.0760688,0.15828039,0
0.9786948,0.32568285,0
0.90434885,0.40087047,0
0.9018786,0.32024494,0
0.79345894,0.3083476,0
0.9219224,0.44149315,0
0.6601081,0.26473504,0
0.8975149,0.37919292,0
0.7922971,0.26899424,0
0.85885257,0.24303345,0
0.904741,0.19047958,0
0.6911929,0.0038703992,0
0.65043956,0.05044177,0
0.4294171,0.15287404,0
0.40754217,-0.0011658833,0
0.4908526,-0.05326457,0
0.6322984,-0.0735064,0
0.37423536,-0.11600067,0
0.37912682,-0.37215137,0
0.19274075,-0.08124533,0
0.3621384,-0.28776184,0
0.13026595,-0.32280353,0
0.068354316,-0.3027795,0
0.03330651,-0.42579672,0
5.7439656,-4.213177,1
-0.13024662,-0.35343072,0
3.6801739,-2.9900246,1
-0.3520634,-0.49727276,0
-0.42331788,-0.53585553,0
-0.37994173,-0.46224162,0
-0.29444367,-0.5822161,0
-0.4555915,-0.6937865,0
-0.5240776,-0.68552953,0
-0.51936007,-0.40983403,0
-0.6106532,-0.46830684,0
-0.62180436,-0.3910811,0
-0.6872193,-0.45898908,0
-0.6620405,-0.51849896,0
-0.8221628,-0.4655364,0
-0.92855424,-0.5655498,0
-0.87761056,-0.49218905,0
-0.8636,-0.45883664,0
-0.92490494,-0.3973224,0
-1.0955844,-0.48395663,0
-0.8934937,-0.38876647,0
-1.0562153,-0.38161275,0
-0.86125076,-0.229649,0
-1.0611756,-0.124533035,0
-0.94089633,-0.20746967,0
-0.7328541,-0.21997884,0
-1.1200448,-0.13766722,0
-0.9723839,-0.07727285,0
-0.99095887,-0.0059583406,0
-0.85143733,-0.09033519,0
-0.852982,0.030772008,0
-0.7663501,0.040297247,0
-0.7393667,0.09262594,0
-0.671698,0.06793342,0
-0.75660676,0.118789576,0
-0.74341536,0.31341025,0
-0.6719446,0.27104372,0
-0.7262478,0.3725857,0
-0.57312363,0.29440114,0
-0.44428706,0.075341076,0
-0.4164051,0.1760306,0
-0.6384675,0.3923624,0
-0.3614268,0.48197594,0
-0.4720316,0.46145067,0
-0.43303385,0.36145183,0
-0.26233003,0.7179146,0
-0.10931151,0.31663707,0
-0.15035632,0.40965,0
-0.27503762,0.43545073,0
-0.11592261,0.584242,0
0.051781666,0.3832994,0
0.21495914,0.61019075,0
0.27766725,0.37279883,0
0.30216667,0.5638561,0
0.4402141,0.5815981,0
0.5873891,0.50778717,0
0.53916657,0.23724823,0
0.5036551,0.42083538,0
5.8188953,-3.1161568,1
0.50197995,0.32866645,0
0.46117866,0.34711078,0
0.78747725,0.16844478,0
0.8101582,0.38781035,0
0.7610647,0.07179406,0
0.5609392,0.32125217,0
0.88386947,-0.05915845,0
0.7182269,0.26560652,0
0.7706767,0.20391166,0
0.8980802,0.1574084,0
1.1062282,0.048921447,0
0.9859488,-0.031067675,0
1.1425667,-0.15974806,0
1.0138768,-0.20329157,0
0.8916959,-0.12388986,0
0.8938576,-0.11771694,0
1.1068696,-0.27624482,0
1.0478344,-0.21881005,0
1.0252192,-0.17778933,0
4.4777174,-4.498568,1
0.8562083,-0.23782437,0
0.89469284,-0.3000817,0
0.8747971,-0.4232803,0
1.079863,-0.44122788,0
0.9867281,-0.41353422,0
0.5629089,-0.28692198,0
0.7624966,-0.5542621,0
0.87153393,-0.5849948,0
0.7508574,-0.41642955,0
0.7702471,-0.44320258,0
0.3193718,-0.44042048,0
0.48434907,-0.3802699,0
0.58037174,-0.3901339,0
0.4890034,-0.5360531,0
0.49095404,-0.36130187,0
0.40808833,-0.3122822,0
0.3507876,-0.3438518,0
0.14374441,-0.36197203,0
-0.03702112,-0.43315372,0
0.06251263,-0.405373,0
-0.021835756,-0.36030412,0
-0.12823156,-0.34074587,0
-0.114852436,-0.28865463,0
-0.27051654,-0.22874096,0
-0.15600166,-0.017799951,0
-0.3664382,-0.28641024,0
-0.27008015,-0.10640521,0
-0.51160085,-0.17361633,0
-0.4777024,0.054773927,0
-0.49621293,-0.22631311,0
3.3290365,-3.6881416,1
-0.72690135,0.0031387554,0
-0.72850305,-0.00636618,0
-0.58397603,0.3250669,0
-0.737242,0.30373225,0
-0.9469177,0.2698611,0
-0.7661312,0.20125622,0
-0.83730435,0.13340506,0
-0.92780244,0.21067843,0
-0.81988937,0.29337698,0
-1.007048,0.22181748,0
-0.99077636,0.33974832,0
-0.9159338,0.2616438,0
-0.84675646,0.39506462,0
-0.997002,0.45158,0
-0.93619794,0.5744097,0
-1.0579267,0.32703906,0
-0.8523389,0.46046576,0
-0.9160662,0.5052006,0
-0.9140397,0.3654734,0
-1.0767676,0.6284571,0
-1.065679,0.46185076,0
-1.0127213,0.43050694,0
-1.055084,0.5009096,0
-1.031475,0.4116721,0
-0.91658604,0.42376202,0
-0.9346851,0.21634138,0
-0.7308437,0.3890739,0
-0.5583484,0.63264865,0
-0.6303795,0.42601404,0
-0.5903741,0.40308398,0
-0.5837596,0.2598315,0
-0.31267986,0.19304249,0
-0.40853602,0.19765371,0
-0.37619078,0.12741835,0
-0.25228572,0.058389623,0
-0.09383215,0.1714942,0
-0.1396715,0.020354457,0
0.0075880694,0.09952609,0
-0.085241325,0.102312654,0
-0.0678236,0.113046534,0
-0.22893615,0.05781053,0
0.3107517,-0.08572397,0
0.11734756,-0.09735283,0
0.24994767,-0.14493771,0
0.2978309,-0.19155236,0
0.36169204,-0.22053173,0
0.39155436,-0.27708635,0
0.5353273,-0.46941417,0
0.69575477,-0.18484578,0
0.6862028,-0.2723338,0
0.6095359,-0.53068495,0
0.59630454,-0.40089223,0
0.6022273,-0.50781715,0
0.69943625,-0.6711921,0
5.3365965,-3.9267926,1
0.87771595,-0.59619313,0
0.74514776,-0.5411341,0
0.85648465,-0.45532665,0
0.99122083,-0.5124434,0
1.0468187,-0.5997307,0
1.0303038,-0.33566907,0
0.77452034,-0.5546463,0
0.88854146,-0.45273507,0
0.91914946,-0.3148127,0
1.0193199,-0.35605326,0
1.179402,-0.4387728,0
1.0528096,-0.587532,0
1.0160087,-0.6134414,0
0.8615164,-0.33247486,0
1.1496931,-0.41998354,0
0.9589286,-0.36086977,0
1.0691794,-0.31344944,0
0.905279,-0.31351438,0
0.83764243,-0.116318606,0
0.80203646,-0.18841901,0
0.7113784,-0.21015105,0
0.8212743,-0.041673463,0
0.78400064,-0.07730722,0
0.7188892,-0.010297078,0
0.52037936,0.011138388,0
0.6379041,0.05183118,0
0.46966687,0.21223538,0
0.4831894,0.012375482,0
0.22124963,0.123644024,0
0.17395729,0.11045577,0
0.4091635,0.17845118,0
0.16186805,0.32580408,0
0.17092353,0.27454224,0
0.034844454,0.3666927,0
0.10666165,0.37987033,0
0.006154943,0.35327587,0
-0.042950552,0.42042089,0
-0.2806625,0.2818044,0
-0.32392436,0.28349113,0
-0.429625,0.5663095,0
-0.37354395,0.6889975,0
-0.59229034,0.64655566,0
-0.5357762,0.510492,0
-0.50700146,0.49589562,0
-0.49124157,0.5053828,0
-0.73087347,0.49930644,0
-0.4923402,0.3916657,0
-0.67606896,0.57518595,0
-0.65584105,0.44067538,0
-0.9245099,0.5329148,0
-0.84126294,0.5475528,0
-0.79293996,0.5569606,0
5.0017424,-3.7495947,1
-1.0496916,0.6018337,0
-0.980678,0.42390597,0
-0.6180272,0.45176098,0
-0.9790969,0.43735665,0
-0.9745251,0.26630256,0
-1.0996355,0.14687783,0
-1.1137228,0.19517788,0
-1.0004709,0.13511595,0
-1.0959077,0.27663672,0
-1.0232329,0.13557841,0
-0.845267,0.13450007,0
-1.0289011,-0.08166303,0
-0.9167036,-0.036766812,0
-0.6573988,0.055085335,0
-0.73343736,-0.1644297,0
-1.0893021,-0.20838094,0
-0.6805784,-0.17411049,0
-0.8118422,-0.2967573,0
-0.8216344,-0.22412355,0
-0.66939163,-0.32911953,0
-0.80061585,-0.33912125,0
-0.53646445,-0.37497008,0
-0.4751851,-0.40507272,0
-0.47550702,-0.44552186,0
-0.27715874,-0.58315307,0
-0.32916608,-0.35669115,0
-0.47991657,-0.46917874,0
-0.38707456,-0.53793406,0
-0.18457063,-0.46158624,0
-0.072065316,-0.6734945,0
0.053023234,-0.37183088,0
0.11227244,-0.45830786,0
0.27367997,-0.3892128,0
-0.10759621,-0.50475276,0
0.09576126,-0.4472751,0
0.3111454,-0.35879642,0
0.20259556,-0.50568885,0
0.38770056,-0.4630519,0
0.3583029,-0.44970408,0
0.67853457,-0.33189115,0
0.5660662,-0.47032195,0
0.5850938,-0.30904984,0
0.7205711,-0.23310517,0
0.7531746,-0.23291649,0
0.79886913,-0.09576154,0
0.6671196,-0.07128964,0
0.73003656,-0.22531414,0
0.8032232,-0.122568935,0
1.0155948,-0.15627632,0
1.0103015,-0.16506803,0
0.8770883,-0.045509852,0
0.92665327,0.014387406,0
0.91898113,-0.0127321975,0
1.1064757,0.04695114,0
1.0247812,-0.064309664,0
1.0437583,0.09726107,0
1.0728889,0.15843938,0
0.94734794,0.4399179,0
1.0302072,0.34442574,0
0.9600783,0.11567334,0
0.7590264,0.2805729,0
0.89751095,0.21006563,0
0.8596917,0.4597015,0
0.8813835,0.31270233,0
0.91123706,0.41871622,0
1.0478457,0.34650835,0
0.7954834,0.2797979,0
0.95970625,0.5957699,0
0.6417574,0.3489574,0
6.6962085,-3.023835,1
0.7307729,0.5181663,0
0.49296162,0.42858672,0
0.4118533,0.5906133,0
0.6615462,0.48869124,0
0.12787467,0.5250582,0
0.23295957,0.6885629,0
0.19747263,0.36151215,0
0.11014559,0.54009813,0
0.23941602,0.40587562,0
0.18259159,0.39184546,0
0.056655627,0.39111477,0
0.06455725,0.14656796,0
-0.19506484,0.29157048,0
-0.23254566,0.313954,0
-0.34509993,0.24649383,0
-0.26377645,0.14958785,0
-0.33290452,0.20920607,0
-0.37542513,0.22715516,0
-0.45872417,0.03536086,0
-0.5474004,0.1040938,0
-0.4163277,-0.074926026,0
-0.45262983,0.086034164,0
-0.6699778,-0.047925644,0
-0.555601,-0.19476096,0
-0.744398,-0.11821691,0
-0.67392635,-0.2052408,0
-0.8824323,-0.087115765,0
-0.71158206,-0.22022085,0
-0.7779512,-0.19109246,0
-0.7146,-0.20863314,0
-1.0524062,-0.28521404,0
-0.9815737,-0.06524004,0
-0.92371327,-0.37764528,0
-0.9510551,-0.29239216,0
-0.9475802,-0.43064758,0
-0.95565546,-0.5379769,0
-0.99707973,-0.4292054,0
-1.1101066,-0.57093894,0
-0.9441081,-0.4907044,0
-1.00438,-0.48539057,0
-0.91647536,-0.45166653,0
-0.96522313,-0.6946197,0
-0.8598938,-0.37759438,0
-0.91285884,-0.56706566,0
-0.7217655,-0.64299536,0
-0.91590506,-0.50317705,0
-0.81310797,-0.48709482,0
-0.7177133,-0.34085837,0
-0.589967,-0.27306736,0
-0.7057379,-0.44246373,0
-0.5515917,-0.31519738,0
-0.60739195,-0.23330404,0
-0.5421062,-0.3145455,0
-0.27205732,-0.18613546,0
-0.48466495,-0.5082136,0
-0.39134726,-0.26657867,0
-0.21963787,-0.19428794,0
-0.20737545,-0.38748214,0
-0.24562846,-0.2339365,0
-0.106806144,0.08129913,0
-0.06017015,0.18303686,0
-0.122582525,-0.005885994,0
0.22719252,-0.15929613,0
0.11092071,0.22853835,0
0.116388544,0.11090797,0
0.106427655,0.23546399,0
0.36783352,0.3201646,0
0.32303026,0.24548166,0
0.42942813,0.29171896,0
0.43055686,0.25633967,0
0.6203533,0.34584895,0
0.6540535,0.5641039,0
0.81243736,0.47455978,0
0.90312594,0.24743575,0
5.715577,-2.0223298,1
0.7733857,0.3640255,0
0.84422344,0.3381507,0
0.9354164,0.59524155,0
1.0031903,0.3896427,0
0.85036725,0.5046132,0
0.77896446,0.5670414,0
0.935944,0.5592161,0
0.90316844,0.3997375,0
1.0142571,0.5702423,0
0.96915853,0.40123394,0
0.94379926,0.36668146,0
0.94204885,0.41921094,0
0.9930782,0.37997147,0
1.1854444,0.5430842,0
1.0317854,0.28709373,0
1.0401392,0.39953017,0
1.0339466,0.35874808,0
0.9761862,0.38388807,0
0.8392393,0.41133264,0
0.8312027,0.15774013,0
0.64493066,0.35592672,0
0.8590298,0.27240074,0
0.70506877,0.110866554,0
0.73655236,0.18277785,0
0.46636102,-0.11203366,0
0.5244231,-0.08326408,0
0.63811165,-0.06597875,0
0.48830333,-0.0029743954,0
0.39279678,-0.20326073,0
0.36530104,-0.17908502,0
0.31223208,-0.13192214,0
0.30100393,-0.32686636,0
0.3094029,-0.24528761,0
0.20042807,-0.19963798,0
0.18512474,-0.20780243,0
0.007549225,-0.3819358,0
0.027020877,-0.16618168,0
-0.112930164,-0.2942477,0
-0.15032719,-0.20956412,0
-0.11755769,-0.24894705,0
-0.28825694,-0.41772848,0
-0.30280277,-0.4683814,0
-0.5351233,-0.5421335,0
-0.33024204,-0.35388386,0
-0.47139022,-0.45143998,0
-0.41043994,-0.59031457,0
-0.44148436,-0.494614,0
-0.7544527,-0.3630554,0
-0.64894813,-0.6390483,0
-0.752997,-0.42799902,0
-0.6710442,-0.46483856,0
-0.733528,-0.62746483,0
-0.7422958,-0.60772145,0
-1.0054181,-0.4020163,0
-0.8262507,-0.4961218,0
-1.0520427,-0.3637214,0
-0.9438577,-0.30044353,0
-0.95594186,-0.3314813,0
-0.82653207,-0.26517692,0
-0.9153463,-0.05316115,0
-0.96181697,-0.42335132,0
-1.0615404,-0.15540339,0
-1.0569061,-0.27163216,0
-0.9622385,-0.31878725,0
-1.0301646,0.11824785,0
-1.1541494,-0.013725403,0
-0.8401688,-0.05755833,0
-0.9610377,0.0657433,0
-1.0257348,0.08082785,0
-0.7859554,-0.003760977,0
-0.817696,0.1556149,0
-0.7153099,0.16297558,0
-0.9702127,0.41993403,0
-0.7852275,0.16568936,0
-0.6341565,0.39368543,0
-0.4631283,0.25531507,0
-0.46347216,0.2548613,0
-0.59201646,0.43311217,0
-0.6221779,0.539032,0
-0.26851627,0.43117824,0
-0.44026598,0.3586505,0
-0.35216147,0.43180448,0
-0.25237378,0.57123744,0
-0.16650486,0.5344457,0
-0.18750568,0.41045132,0
-0.21995682,0.45387772,0
-0.021970285,0.584234,0
0.21385999,0.44270387,0
-0.00046331508,0.47911796,0
0.31544614,0.5281975,0
0.27102718,0.6607234,0
0.26326793,0.44702682,0
0.5028841,0.25074935,0
0.5245876,0.41557425,0
0.58096075,0.38925132,0
0.8283449,0.3384357,0
0.4318198,0.44376624,0
0.595747,0.41701102,0
0.8462262,0.24902083,0
0.64462906,0.41532674,0
0.82090646,0.187567,0
0.937677,0.42589825,0
0.77306455,0.19998512,0
0.9231119,-0.046280306,0
0.970831,0.019742433,0
0.8305849,-0.018329797,0
0.8842946,-0.041546583,0
0.85910237,-0.0632929,0
1.0660555,-0.20260558,0
0.89682996,-0.09024901,0
0.8720016,0.037445497,0
0.9108693,-0.25834507,0
0.9626806,-0.05331724,0
1.0365369,-0.25813028,0
0.9914228,-0.22029331,0
1.0360203,-0.5190233,0
1.0578109,-0.44340798,0
0.94346154,-0.48011667,0
0.9214168,-0.36638257,0
0.8360224,-0.45495728,0
0.765851,-0.3996793,0
0.8160404,-0.5127534,0
0.94606435,-0.47905084,0
0.7699852,-0.45983696,0
0.6129038,-0.47985086,0
0.65572965,-0.517518,0
0.50792164,-0.58926255,0
0.5783738,-0.5467656,0
0.41679856,-0.55743974,0
0.26056856,-0.43967074,0
0.44326678,-0.5311067,0
0.13140471,-0.57144856,0
0.3780352,-0.5757603,0
0.26706854,-0.28723982,0
0.10101733,-0.48866174,0
0.0028160617,-0.5298677,0
0.059050135,-0.32503435,0
-0.08618343,-0.25773865,0
-0.11081683,-0.3401715,0
-0.24522406,-0.40627158,0
-0.22030514,-0.20150042,0
-0.2230452,-0.22413617,0
-0.36476222,-0.34049383,0
-0.4453739,-0.033278186,0
-0.36542705,0.03171206,0
-0.5390277,-0.036385812,0
-0.6427484,-0.047320534,0
-0.53079456,-0.018307343,0
-0.7167004,-0.039556026,0
-0.8911644,0.11692423,0
-0.78616434,0.20151395,0
-0.8200748,0.15350005,0
-1.0341593,0.1315633,0
-0.98993737,0.3411692,0
-0.92250985,0.33159676,0
-1.0452226,0.2667672,0
-0.8179344,0.3897195,0
-1.0893153,0.3351439,0
-1.1782798,0.5360042,0
-1.1248275,0.24198177,0
-1.1274353,0.59716755,0
-0.96392447,0.40880233,0
-0.9675513,0.47306252,0
-0.97950107,0.6366896,0
-0.8592062,0.57413125,0
-0.985121,0.541506,0
-1.034765,0.5434843,0
-0.8003033,0.6886294,0
-0.89628935,0.56918746,0
-0.87522745,0.4714035,0
-0.7607027,0.55491203,0
-0.60674906,0.3612851,0
-0.8602517,0.6238938,0
-0.8336436,0.4599251,0
-0.73180354,0.37104192,0
-0.57676756,0.18530227,0
-0.794348,0.4663118,0
-0.65529484,0.30349365,0
-0.48748702,0.31526875,0
-0.37383187,0.33533236,0
-0.37599716,0.10655098,0
-0.26411286,0.058830265,0
-0.22495389,0.022181842,0
-0.1902614,0.21008742,0
0.033629496,0.19852422,0
-0.0056464938,-0.048667952,0
-0.03285624,-0.20303011,0
0.07566287,-0.16345274,0
-0.027419748,-0.10228993,0
0.2391968,-0.11072665,0
0.21928507,-0.11800117,0
0.23996525,-0.2888173,0
0.4412149,-0.2875087,0
0.35647988,-0.26898807,0
0.39176697,-0.35422775,0
0.50557536,-0.48516858,0
0.57505167,-0.35741693,0
0.71402067,-0.26832792,0
0.7215631,-0.28329146,0
0.8021727,-0.5279682,0
0.87409675,-0.5602188,0
0.8827535,-0.49234167,0
0.8430373,-0.53451896,0
1.0218205,-0.6239889,0
0.9963716,-0.632452,0
1.0744375,-0.41557994,0
1.0514348,-0.27029195,0
0.8928933,-0.34311566,0
1.0011019,-0.73772776,0
0.998628,-0.53669673,0
1.1611,-0.3811412,0
1.058538,-0.45142686,0
0.85169744,-0.40266946,0
0.96637845,-0.5123748,0
0.89188296,-0.35753685,0
0.87300164,-0.36996844,0
1.006483,-0.40437365,0
0.82253283,-0.39715144,0
0.8848206,-0.28668052,0
0.7548617,-0.10674099,0
0.95563954,-0.2061508,0
0.58643377,-0.2627288,0
0.7742139,-0.013099522,0
0.75119966,-0.22347622,0
0.8005551,-0.06071871,0
0.796532,-0.050090555,0
0.53504604,0.1705178,0
0.78243834,-0.16043931,0
0.46977276,0.117333226,0
0.416946,0.023089675,0
0.34311974,0.06949879,0
0.21628888,0.12732981,0
0.32408172,0.41626596,0
0.10194595,0.25038397,0
0.12933472,0.14639261,0
-0.0332326,0.1991353,0
0.112487346,0.3869098,0
-0.16201507,0.20907204,0
-0.071289785,0.48024788,0
-0.33970472,0.5418026,0
-0.37387866,0.4550096,0
-0.2204178,0.5061397,0
-0.30467126,0.6774714,0
-0.45796224,0.4775405,0
-0.58283764,0.42963174,0
-0.37966222,0.53506213,0
-0.54942423,0.57688206,0
-0.7589693,0.3917496,0
-0.6090527,0.5025144,0
-0.76346123,0.38099018,0
-0.7332488,0.47914985,0
-0.81159866,0.22733007,0
-0.911431,0.35548326,0
-0.9854663,0.48823765,0
-0.8025126,0.41628268,0
-0.9611756,0.25855276,0
-0.8739941,0.5150035,0
-0.9221684,0.42140466,0
-0.9793453,0.365251,0
-1.0221694,0.29384413,0
-0.91961634,0.16922297,0
-1.0589023,0.24542804,0
-0.8379065,-0.04394133,0
-0.8521455,0.24397421,0
-0.91631633,0.06656528,0
-1.001467,-0.015879218,0
-0.93065655,-0.051783856,0
-1.007403,-0.0938643,0
-0.8778311,-0.031054538,0
-0.89378846,0.026255578,0
-0.7686857,0.109095156,0
-0.73227525,-0.2548308,0
-0.73633057,-0.32501397,0
-0.7749177,-0.36156806,0
-0.68279094,-0.16516863,0
-0.43402308,-0.30689523,0
-0.6382413,-0.3216648,0
-0.5641432,-0.4802335,0
-0.5045099,-0.1896943,0
-0.5491832,-0.4849875,0
-0.4237705,-0.34562942,0
-0.27111807,-0.58180916,0
-0.25832006,-0.4193353,0
-0.05262,-0.4723365,0
-0.00030578274,-0.5915872,0
-0.09495835,-0.47670215,0
